Submission id,Participant id,Status,Started at,Completed at,Reviewed at,Archived at,Time taken,Completion code,Total approvals,Fluent languages,Age,Sex,Ethnicity simplified,Country of birth,Country of residence,Nationality,Language,Student status,Employment status
623b6cd433d863fb09c85ac4,60d22e4c0729c7fea9eff7f4,APPROVED,2022-03-23T18:57:41.731000Z,2022-03-23T19:20:40.593000Z,2022-03-23T19:50:04.418000Z,,1379,52BD9173,110,"English, Hungarian",21,Male,White,Hungary,Netherlands,Hungary,Hungarian,DATA_EXPIRED,DATA_EXPIRED
623b6cd872e9f0455afe29d3,60f224aecd1b7677af1ad3a3,APPROVED,2022-03-23T18:54:16.241000Z,2022-03-23T19:33:23.583000Z,2022-03-23T19:59:13.337000Z,,2348,52BD9173,111,"English, Swedish, Norwegian, Danish",21,Female,White,Norway,Norway,Norway,Norwegian,DATA_EXPIRED,DATA_EXPIRED
623b6ce0b429454d892bdbce,5fb45818d84de3123a4304f8,APPROVED,2022-03-23T18:54:23.998000Z,2022-03-23T19:21:57.317000Z,2022-03-23T19:50:51.828000Z,,1654,52BD9173,229,"Greek, English",23,Male,White,Greece,Greece,Greece,Greek,Yes,DATA_EXPIRED
623b6cf4239de9fe03eeb332,5df938ca8390796b7ce84de1,APPROVED,2022-03-23T18:54:44.328000Z,2022-03-23T20:06:36.338000Z,2022-03-23T20:14:15.119000Z,,4313,52BD9173,384,"Spanish, English",39,Male,Mixed,Mexico,Mexico,Mexico,Spanish,No,Full-Time
623b6cf8aafeb1e4318bdc8a,615b97476cd7cfa5981594fc,REJECTED,2022-03-23T18:55:21.325000Z,2022-03-23T19:45:07.219000Z,2022-03-29T12:44:12.191000Z,,2986,NOCODE,26,CONSENT_REVOKED,CONSENT_REVOKED,CONSENT_REVOKED,CONSENT_REVOKED,CONSENT_REVOKED,CONSENT_REVOKED,CONSENT_REVOKED,CONSENT_REVOKED,CONSENT_REVOKED,CONSENT_REVOKED
623b6cf8c000ffdfe3209bde,610bba2da7acf1a9ee102db5,APPROVED,2022-03-23T18:57:12.262000Z,2022-03-23T20:01:31.807000Z,2022-03-23T20:01:31.997000Z,,3860,Manual Completion,44,DATA_EXPIRED,DATA_EXPIRED,DATA_EXPIRED,DATA_EXPIRED,DATA_EXPIRED,DATA_EXPIRED,DATA_EXPIRED,DATA_EXPIRED,DATA_EXPIRED,DATA_EXPIRED
623b6cfc58bae5ea3324c936,60f321005311bdeb8a95af1f,APPROVED,2022-03-23T18:54:52.088000Z,2022-03-23T19:23:35.016000Z,2022-03-23T19:50:48.281000Z,,1723,52BD9173,79,"English, Portuguese",25,Male,White,Portugal,Portugal,Portugal,Portuguese,DATA_EXPIRED,DATA_EXPIRED
623b6d0742163a576c16d903,5ede9fdfbed90713dca0aa08,APPROVED,2022-03-23T18:55:27.246000Z,2022-03-23T19:20:58.949000Z,2022-03-23T19:50:42.680000Z,,1532,52BD9173,215,English,37,Female,White,South Africa,South Africa,South Africa,English,No,Part-Time
623b6d13e6b0c734891770b9,5efd991c8d99db1ed7f595b6,APPROVED,2022-03-23T18:55:22.055000Z,2022-03-23T19:36:28.386000Z,2022-03-23T19:50:43.843000Z,,2467,52BD9173,102,"Italian, English, French",42,Female,White,Italy,Italy,Italy,Italian,No,Part-Time
623b6d15263a496c9c61bba1,614a8fca5dae9336bc1f7bbd,APPROVED,2022-03-23T18:57:45.040000Z,2022-03-23T19:23:33.997000Z,2022-03-23T19:50:03.060000Z,,1549,52BD9173,61,"English, Spanish",25,Male,Mixed,Mexico,Mexico,Mexico,Spanish,DATA_EXPIRED,Full-Time
623b6d174f52f45750159ef7,5e777ef9d887bf000b4d8470,APPROVED,2022-03-23T18:55:19.385000Z,2022-03-23T19:18:28.037000Z,2022-03-23T19:50:45.993000Z,,1389,52BD9173,240,"English, Slovenian",23,Female,White,Slovenia,Slovenia,Slovenia,Slovenian,Yes,Unemployed (and job seeking)
623b6d18f028038de1bb78ba,5cac92025a86f00001287e80,APPROVED,2022-03-23T18:55:28.193000Z,2022-03-23T19:20:13.237000Z,2022-03-23T19:50:41.117000Z,,1486,52BD9173,141,English,26,Male,White,United Kingdom,United Kingdom,United Kingdom,English,No,"Not in paid work (e.g. homemaker', 'retired or disabled)"
623b6d19e7fc31fdfa682219,6144dd4a748124e9aa5f9b86,APPROVED,2022-03-23T18:55:50.412000Z,2022-03-23T20:12:47.469000Z,2022-03-24T12:51:08.629000Z,,4618,NOCODE,79,"Afrikaans, English",24,Female,Black,South Africa,South Africa,South Africa,English,DATA_EXPIRED,DATA_EXPIRED
623b6d1a2e9ff341c88477c1,5ccf6e4c222373001912f644,APPROVED,2022-03-23T18:55:37.347000Z,2022-03-23T19:17:36.708000Z,2022-03-23T19:50:35.557000Z,,1320,52BD9173,223,"Polish, English",22,Male,White,Poland,Poland,Poland,Polish,DATA_EXPIRED,Other
623b6d1f0490639254e02292,60897f1469ae6000c3d7c537,APPROVED,2022-03-23T18:55:27.907000Z,2022-03-23T19:13:32.535000Z,2022-03-23T19:50:41.696000Z,,1085,52BD9173,120,"English, Portuguese",25,Male,White,Portugal,Portugal,Portugal,Portuguese,DATA_EXPIRED,DATA_EXPIRED
623b6d205fe0752019e60aba,5f6dd2cb865541268cf751dd,APPROVED,2022-03-23T18:55:33.264000Z,2022-03-23T19:24:26.314000Z,2022-03-23T19:50:37.147000Z,,1734,52BD9173,119,DATA_EXPIRED,DATA_EXPIRED,DATA_EXPIRED,DATA_EXPIRED,DATA_EXPIRED,DATA_EXPIRED,DATA_EXPIRED,DATA_EXPIRED,DATA_EXPIRED,DATA_EXPIRED
623b6d220889aa86c92259c9,5e418dbae4b4a8029d728dbc,APPROVED,2022-03-23T18:55:30.660000Z,2022-03-23T19:22:52.901000Z,2022-03-23T19:50:39.788000Z,,1643,52BD9173,161,"English, Greek",23,Male,White,Greece,Greece,Greece,Greek,Yes,Unemployed (and job seeking)
623b6d23b849a4fc9d0df32e,6017cd1b52fa5ea51b9252f4,APPROVED,2022-03-23T18:55:39.147000Z,2022-03-23T19:18:41.533000Z,2022-03-23T19:50:34.447000Z,,1383,52BD9173,168,"Polish, English",20,Female,DATA_EXPIRED,DATA_EXPIRED,DATA_EXPIRED,DATA_EXPIRED,Polish,DATA_EXPIRED,DATA_EXPIRED
623b6d2408df470174a4fa59,610927f79a048a78d5651510,APPROVED,2022-03-23T18:55:51.410000Z,2022-03-23T19:18:12.367000Z,2022-03-23T19:50:30.606000Z,,1341,52BD9173,95,English,20,Male,White,Poland,Poland,Poland,Polish,Yes,Part-Time
623b6d25ce0bf2cb15a33a85,615ddb0c6adce920fbb53a2d,APPROVED,2022-03-23T18:55:33.218000Z,2022-03-23T19:26:32.430000Z,2022-03-23T19:50:37.877000Z,,1860,52BD9173,230,"English, Spanish",26,Male,Other,Mexico,Mexico,Mexico,Spanish,No,Full-Time
623b6d269b37a934df022688,613ce2d635367eb92cab3cc0,APPROVED,2022-03-23T18:55:43.943000Z,2022-03-23T19:33:55.746000Z,2022-03-23T19:50:33.196000Z,,2292,52BD9173,89,"Spanish, English",24,Female,Mixed,Mexico,Mexico,Mexico,Spanish,Yes,DATA_EXPIRED
623b6d27f81038d0dea2ecad,6142572425aea94203b1e0de,APPROVED,2022-03-23T18:55:35.878000Z,2022-03-23T19:39:37.741000Z,2022-03-23T19:50:36.455000Z,,2642,52BD9173,88,"English, Spanish",23,Male,Mixed,Mexico,Mexico,Mexico,Spanish,DATA_EXPIRED,DATA_EXPIRED
623b6d2d16975f4abeb2b84d,6162daf69e4d012b71c4383c,APPROVED,2022-03-23T18:55:55.572000Z,2022-03-23T19:29:28.856000Z,2022-03-23T19:50:28.176000Z,,2014,52BD9173,48,English,21,Female,Black,South Africa,South Africa,South Africa,English,Yes,Unemployed (and job seeking)
623b6d2d60fdd92731608966,5ea90157d75274376cef80f8,APPROVED,2022-03-23T18:55:41.783000Z,2022-03-23T19:26:31.629000Z,2022-03-23T19:50:33.787000Z,,1850,52BD9173,151,"English, Portuguese, Spanish",34,Male,White,Portugal,Portugal,Portugal,Portuguese,No,Unemployed (and job seeking)
623b6d346ba89eb3b35af887,601857c3c3f5ce0c3e5fb913,APPROVED,2022-03-23T18:55:48.950000Z,2022-03-23T20:19:39.646000Z,2022-03-23T20:21:07.776000Z,,5031,52BD9173,392,"Spanish, English",24,Male,Other,Mexico,Mexico,Mexico,Spanish,No,Part-Time
623b6d366ba89eb3b35af889,5eceffdf967c2c3253abc56c,APPROVED,2022-03-23T18:57:19.787000Z,2022-03-23T19:25:13.813000Z,2022-03-23T19:50:09.164000Z,,1675,52BD9173,113,"English, Spanish",23,Male,Mixed,Mexico,Mexico,Mexico,Spanish,No,Unemployed (and job seeking)
623b6d369b37a934df022689,607c788174ef9ae298722d37,APPROVED,2022-03-23T18:55:50.571000Z,2022-03-23T19:26:48.361000Z,2022-03-23T19:50:31.468000Z,,1858,52BD9173,63,"Polish, English",24,Male,White,Poland,Poland,Poland,Polish,Yes,Due to start a new job within the next month
623b6d37cfbb94f6c935ea51,5aea9386ef2d830001a97860,APPROVED,2022-03-23T18:55:51.481000Z,2022-03-23T19:10:55.552000Z,2022-03-23T19:50:29.457000Z,,905,52BD9173,356,"English, Spanish",23,Male,White,Mexico,Mexico,Mexico,Spanish,No,Unemployed (and job seeking)
623b6d3a418471e7b7a4682a,5fa9a3c71c6cce1cc396a057,APPROVED,2022-03-23T18:55:58.425000Z,2022-03-23T19:15:59.473000Z,2022-03-23T19:50:27.151000Z,,1202,52BD9173,474,DATA_EXPIRED,DATA_EXPIRED,DATA_EXPIRED,DATA_EXPIRED,DATA_EXPIRED,DATA_EXPIRED,DATA_EXPIRED,DATA_EXPIRED,DATA_EXPIRED,DATA_EXPIRED
623b6d3c89ad33af2373f7f5,5fa68878579b582b100276cf,APPROVED,2022-03-23T18:56:19.647000Z,2022-03-23T19:25:26.965000Z,2022-03-23T19:50:24.008000Z,,1748,52BD9173,54,"Polish, English",22,Male,White,Poland,Poland,Poland,Polish,DATA_EXPIRED,Part-Time
623b6d4693cdb15ca25cc6ab,5e2da1bd8844873931bf6908,APPROVED,2022-03-23T18:56:12.597000Z,2022-03-23T19:34:47.642000Z,2022-03-23T19:50:26.643000Z,,2316,52BD9173,156,"Italian, Farsi, English",30,Male,White,Iran,Italy,Iran,Farsi,Yes,Unemployed (and job seeking)
623b6d4855910b1ee3f7d756,602e701fc970b706e28ed634,APPROVED,2022-03-23T18:57:28.550000Z,2022-03-23T20:10:22.102000Z,2022-03-23T20:14:11.957000Z,,4374,52BD9173,206,"English, Polish",20,Male,White,Poland,Poland,Poland,Polish,Yes,Due to start a new job within the next month
623b6d4cd7134a0beeecaa2b,5d57d77df9a0cd00177fc3da,APPROVED,2022-03-23T18:56:38.479000Z,2022-03-23T19:37:27.470000Z,2022-03-23T19:50:19.841000Z,,2449,52BD9173,365,"English, Twi",22,Female,Mixed,Ghana,Netherlands,United Kingdom,English,DATA_EXPIRED,DATA_EXPIRED
623b6d4fa8b2d2cda2ac32e7,598b7cd7f472de0001731be6,APPROVED,2022-03-23T18:56:15.511000Z,2022-03-23T19:48:38.980000Z,2022-03-25T13:55:10.129000Z,,3144,NOCODE,245,"English, Spanish, French",37,Female,Other,Mexico,Mexico,Mexico,Spanish,No,Full-Time
623b6d562e9ff341c88477c3,60f9777cbb17a6b913e6e7b9,APPROVED,2022-03-23T18:56:22.625000Z,2022-03-23T19:24:29.242000Z,2022-03-23T19:50:23.144000Z,,1687,52BD9173,29,"English, Portuguese",28,Female,White,Portugal,Portugal,Portugal,Portuguese,DATA_EXPIRED,DATA_EXPIRED
623b6d5775b79064eb0b58d4,613d089b777ca63b1eaf181a,APPROVED,2022-03-23T18:56:23.833000Z,2022-03-23T20:24:07.297000Z,2022-03-23T20:31:57.917000Z,,5264,52BD9173,94,"Spanish, English, German",25,Female,Mixed,Mexico,Mexico,Mexico,Spanish,DATA_EXPIRED,Full-Time
623b6d5881cb99d731ddd5d7,5c23e87c8940d70001190392,APPROVED,2022-03-23T18:58:31.904000Z,2022-03-23T19:33:36.685000Z,2022-03-23T19:49:51.825000Z,,2105,52BD9173,35,"Greek, English",22,Female,White,Russian Federation,Greece,Russian Federation,Greek,DATA_EXPIRED,DATA_EXPIRED
623b6d58a12992d1cec93982,5aa1c9fe35237b000112df7d,APPROVED,2022-03-23T18:56:57.092000Z,2022-03-23T19:31:58.064000Z,2022-03-23T19:50:16.330000Z,,2101,52BD9173,184,"Czech, English",31,Male,White,Czech Republic,Czech Republic,Czech Republic,Czech,DATA_EXPIRED,DATA_EXPIRED
623b6d5ab0ee03fbf98af451,6138d5c5eb7d5b3b244e762e,APPROVED,2022-03-23T18:56:33.308000Z,2022-03-23T19:15:02.796000Z,2022-03-23T19:50:21.401000Z,,1110,52BD9173,58,"English, Italian",26,Female,White,Italy,Italy,Italy,Italian,Yes,"Not in paid work (e.g. homemaker', 'retired or disabled)"
623b6d5d1fcf1d82ba6e85cc,5ecd36e81117f0062700bb7f,APPROVED,2022-03-23T18:56:29.443000Z,2022-03-23T19:16:44.914000Z,2022-03-23T19:50:21.875000Z,,1216,52BD9173,184,"Polish, English",20,Male,White,Poland,Poland,Poland,Polish,No,Full-Time
623b6d6bd2659f2c0c73ce80,6150d88aa2b17d699c6ba42f,APPROVED,2022-03-23T18:56:55.123000Z,2022-03-23T19:52:49.441000Z,2022-03-23T19:59:14.500000Z,,3355,52BD9173,132,"Afrikaans, English",29,Male,Black,South Africa,South Africa,South Africa,English,DATA_EXPIRED,DATA_EXPIRED
623b6d6e2bd5481da85d5960,5f6774e25794e635f7e836ae,APPROVED,2022-03-23T18:56:46.019000Z,2022-03-23T19:51:54.341000Z,2022-03-23T19:59:15.570000Z,,3309,52BD9173,386,"Polish, English",23,Male,White,Poland,Poland,Poland,Polish,Yes,Unemployed (and job seeking)
623b6d7049dc48cb5c6846fb,606a3cb8f0138d1b0a789c2b,APPROVED,2022-03-23T18:56:48.568000Z,2022-03-23T19:14:32.994000Z,2022-03-23T19:50:18.974000Z,,1065,52BD9173,154,"Italian, English, Spanish, Romanian",24,Male,White,Romania,Italy,Romania,Romanian,DATA_EXPIRED,Full-Time
623b6d716c5988522c387a45,609184f3b4c10bb98252856c,APPROVED,2022-03-23T18:58:39.488000Z,2022-03-23T19:21:44.999000Z,2022-03-23T19:49:47.512000Z,,1386,52BD9173,179,"Italian, English",24,Male,White,Italy,Italy,Italy,Italian,No,Full-Time
623b6d769dd3a2fa414c431c,60fac43125539d5ede07b762,APPROVED,2022-03-23T18:56:54.877000Z,2022-03-23T19:26:33.680000Z,2022-03-23T19:50:18.539000Z,,1779,52BD9173,74,"Spanish, Portuguese, English",22,Male,White,Portugal,Portugal,Portugal,Portuguese,DATA_EXPIRED,DATA_EXPIRED
623b6d77f698a87829f44ed9,616dad4935acac1374ff444f,APPROVED,2022-03-23T18:56:55.249000Z,2022-03-23T19:30:20.823000Z,2022-03-23T19:50:17.540000Z,,2006,52BD9173,88,"Ukrainian, Portuguese, Russian, English",24,Female,White,Ukraine,Portugal,Portugal,Ukrainian,No,Full-Time
623b6d7a90cfb9a5b0524b2a,5be30aaf720f71000160d12a,APPROVED,2022-03-23T18:58:45.508000Z,2022-03-23T20:11:21.967000Z,2022-03-23T20:14:09.982000Z,,4357,52BD9173,223,English,30,Female,White,United Kingdom,United Kingdom,United Kingdom,English,DATA_EXPIRED,DATA_EXPIRED
623b6d7ced81f115baa0bbe6,6159dadf97b3d488c08d4f01,APPROVED,2022-03-23T18:57:00.954000Z,2022-03-23T19:34:37.922000Z,2022-03-23T19:50:15.433000Z,,2257,52BD9173,138,"Afrikaans, English",24,Female,Black,South Africa,South Africa,South Africa,English,DATA_EXPIRED,DATA_EXPIRED
623b6d7d21fa345925118ae4,608716407032e8c4d15f94e4,APPROVED,2022-03-23T18:57:01.255000Z,2022-03-23T19:17:52.342000Z,2022-03-23T19:50:14.733000Z,,1252,52BD9173,158,"English, Spanish",31,Female,Other,Chile,Chile,Chile,Spanish,No,Full-Time
623b6d7d8db2f90938276d66,60fd11ad6d6b53f3110e0840,REJECTED,2022-03-23T18:57:19.132000Z,2022-03-23T19:06:17.936000Z,2022-03-24T12:50:18.360000Z,,539,NOCODE,124,CONSENT_REVOKED,CONSENT_REVOKED,CONSENT_REVOKED,CONSENT_REVOKED,CONSENT_REVOKED,CONSENT_REVOKED,CONSENT_REVOKED,CONSENT_REVOKED,CONSENT_REVOKED,CONSENT_REVOKED
623b6d7f33fe52a682d9d626,61260d47007c8de7b40ca5b4,APPROVED,2022-03-23T18:57:03.258000Z,2022-03-23T20:06:21.779000Z,2022-03-23T20:14:13.836000Z,,4159,52BD9173,245,English,27,Female,White,Italy,Italy,Italy,Italian,DATA_EXPIRED,DATA_EXPIRED
623b6d80e2876bce2b5955eb,5f4f7a799d01240228fd2252,APPROVED,2022-03-23T18:57:04.125000Z,2022-03-23T19:24:46.261000Z,2022-03-23T19:50:13.548000Z,,1663,52BD9173,138,"Portuguese, English",23,Male,White,Portugal,Portugal,Portugal,Portuguese,DATA_EXPIRED,DATA_EXPIRED
623b6d818934d44c9150e822,5f48d42a7bb92a39760f70b2,APPROVED,2022-03-23T18:57:05.049000Z,2022-03-23T19:32:06.570000Z,2022-03-23T19:50:12.718000Z,,2102,52BD9173,482,"Hebrew, Polish, English, Russian, German",23,Male,White,Poland,Poland,Poland,English,No,Full-Time
623b6d82d2659f2c0c73ce84,61560e69ca4013ae6149a760,APPROVED,2022-03-23T18:57:06.710000Z,2022-03-23T19:23:52.079000Z,2022-03-23T19:50:12.076000Z,,1606,52BD9173,40,"English, Spanish",23,Male,White,Mexico,Mexico,Mexico,Spanish,No,DATA_EXPIRED
623b6d86dbae8c94aa852d4e,614a1e625dc267ba7fb33e91,APPROVED,2022-03-23T18:58:14.668000Z,2022-03-23T19:24:11.565000Z,2022-03-23T19:49:56.235000Z,,1557,52BD9173,213,"English, Spanish",25,Female,White,Mexico,Mexico,Mexico,Spanish,Yes,Part-Time
623b6d8706d234835808752c,614dd6473c74b217ad73cc9c,APPROVED,2022-03-23T18:57:21.509000Z,2022-03-23T19:43:48.548000Z,2022-03-23T19:50:07.433000Z,,2788,52BD9173,135,English,21,Male,Black,South Africa,South Africa,South Africa,English,Yes,Other
623b6d8b4939c21e52744f22,610d3e734df183475b9c687f,APPROVED,2022-03-23T18:57:29.014000Z,2022-03-23T19:22:11.444000Z,2022-03-23T19:50:06.562000Z,,1483,52BD9173,268,English,29,Female,Other,Chile,United States,United States,English,No,Part-Time
623b6d8c41ad364cee9226b1,6079dcc69bcb3d9180009d68,APPROVED,2022-03-23T18:57:16.159000Z,2022-03-23T19:37:53.654000Z,2022-03-23T19:50:10.839000Z,,2438,52BD9173,47,"Greek, English",23,Male,White,Greece,Greece,Greece,Greek,DATA_EXPIRED,DATA_EXPIRED
623b6d9e06d234835808752d,5c1d9c5c0091e40001c84722,APPROVED,2022-03-23T18:58:10.245000Z,2022-03-23T19:28:28.284000Z,2022-03-23T19:49:57.042000Z,,1819,52BD9173,160,"Polish, English",24,Male,White,Poland,Poland,Poland,Polish,Yes,Other
623b6da499f2f8332064204f,6171a0b23468300b67004343,APPROVED,2022-03-23T18:57:40.039000Z,2022-03-23T19:38:05.370000Z,2022-03-23T19:50:05.663000Z,,2426,52BD9173,138,English,23,Male,Black,South Africa,South Africa,South Africa,English,No,Full-Time
623b6da8c75d740149f17b81,60c5a05a8015a0a73d03a99d,REJECTED,2022-03-23T18:57:44.616000Z,2022-03-23T19:08:14.912000Z,2022-03-24T12:50:05.124000Z,,631,NOCODE,114,CONSENT_REVOKED,CONSENT_REVOKED,CONSENT_REVOKED,CONSENT_REVOKED,CONSENT_REVOKED,CONSENT_REVOKED,CONSENT_REVOKED,CONSENT_REVOKED,CONSENT_REVOKED,CONSENT_REVOKED
623b6da93c944bb8de45f64f,60eedcc66b032ee0725f6eb9,APPROVED,2022-03-23T18:58:03.983000Z,2022-03-23T20:49:49.087000Z,2022-03-23T20:55:26.896000Z,,6706,52BD9173,136,English,25,Female,Black,Zimbabwe,South Africa,Zimbabwe,English,Yes,DATA_EXPIRED
623b6daa1cf42a7fb00d59cc,5dd2759d98981d2840e20a09,APPROVED,2022-03-23T19:06:25.087000Z,2022-03-23T20:32:56.125000Z,2022-03-23T20:33:23.759000Z,,5192,52BD9173,384,"Polish, English",21,Male,White,Poland,Poland,Poland,Polish,DATA_EXPIRED,DATA_EXPIRED
623b6dacf9bd7190a9c1f692,610674a22188adf3cc2d302c,APPROVED,2022-03-23T18:58:27.608000Z,2022-03-23T19:45:08.054000Z,2022-03-23T19:49:53.426000Z,,2801,52BD9173,116,"Portuguese, English",35,Female,DATA_EXPIRED,Portugal,Portugal,Portugal,Portuguese,No,DATA_EXPIRED
623b6daf2169b354dfc1832b,5fa18c4a48882016b4b143f7,APPROVED,2022-03-23T18:57:51.161000Z,2022-03-23T19:29:28.153000Z,2022-03-23T19:50:01.940000Z,,1897,52BD9173,163,"English, Polish",22,Male,White,Poland,Poland,Poland,Polish,DATA_EXPIRED,DATA_EXPIRED
623b6db151bbb0bbbe229224,613b5959d8c8b12a746fdc21,APPROVED,2022-03-23T18:57:53.313000Z,2022-03-23T19:11:29.781000Z,2022-03-23T19:50:01.358000Z,,817,52BD9173,184,"English, Spanish",24,Male,Other,Mexico,Mexico,Mexico,Spanish,No,Full-Time
623b6db3c6ffb496ae9172f1,613ad2b1e74781675b503eff,APPROVED,2022-03-23T18:57:55.870000Z,2022-03-23T20:05:19.883000Z,2022-03-23T20:14:09.834000Z,,4045,52BD9173,192,"English, Spanish",44,Male,Mixed,Mexico,Mexico,Mexico,Spanish,No,Full-Time
623b6db98934d44c9150e826,5fad2835047e733aed848838,APPROVED,2022-03-23T18:58:01.843000Z,2022-03-23T19:19:47.811000Z,2022-03-23T19:49:59.533000Z,,1306,52BD9173,123,"Catalan, Spanish, Japanese, English",23,Male,White,Argentina,Spain,Spain,Spanish,DATA_EXPIRED,DATA_EXPIRED
623b6db9f81038d0dea2ecb9,61564e378e974bdbe42763a2,APPROVED,2022-03-23T18:58:01.493000Z,2022-03-23T19:28:17.704000Z,2022-03-23T19:50:00.137000Z,,1817,52BD9173,144,"Spanish, English",24,Female,Other,Mexico,Mexico,Mexico,Spanish,No,Unemployed (and job seeking)
623b6dbc999cdc4f9a00d6f3,615a0ad2ba1d3d321beadca5,APPROVED,2022-03-23T18:58:04.355000Z,2022-03-23T19:24:39.191000Z,2022-03-23T19:49:58.143000Z,,1595,52BD9173,99,"English, Spanish",23,Female,White,Mexico,Mexico,Mexico,Spanish,DATA_EXPIRED,DATA_EXPIRED
623b6dc99b2b2624d9accf80,6102d6a4846fa9b51f427c47,APPROVED,2022-03-23T18:58:17.131000Z,2022-03-23T19:41:51.682000Z,2022-03-23T19:49:55.651000Z,,2615,52BD9173,93,"English, Hungarian",26,Female,White,Hungary,Hungary,Hungary,Hungarian,No,Due to start a new job within the next month
623b6dcbdd5bf66dee4ccbd6,612410dbf7e32aeebf892633,APPROVED,2022-03-23T18:58:25.030000Z,2022-03-23T19:26:25.887000Z,2022-03-23T19:49:54.577000Z,,1681,52BD9173,145,English,41,Male,White,South Africa,South Africa,Portugal,English,No,Full-Time
623b6dd1418471e7b7a4682f,610ae838f1cfd67e476b7a4d,APPROVED,2022-03-23T18:58:39.765000Z,2022-03-23T20:20:26.702000Z,2022-03-23T20:21:02.670000Z,,4907,52BD9173,274,"Polish, English",22,Male,White,Poland,Poland,Poland,Polish,Yes,Part-Time
623b6dd6d5bac47c1a818c30,60d07a85950e7dcd84767784,APPROVED,2022-03-23T18:58:30.166000Z,2022-03-23T20:45:57.094000Z,2022-03-23T20:47:54.221000Z,,6447,52BD9173,111,English,37,Female,Black,South Africa,South Africa,South Africa,English,No,Other
623b6dd821fa345925118ae9,5fbb7aae04da87a3fe5f129c,APPROVED,2022-03-23T18:58:32.243000Z,2022-03-23T19:38:15.109000Z,2022-03-23T19:49:50.913000Z,,2383,52BD9173,450,"Italian, English",26,Male,White,Italy,Italy,Italy,Italian,Yes,Unemployed (and job seeking)
623b6ddbc51ec193b511c9df,60e4b1dcd0eedab1e11019d1,APPROVED,2022-03-23T18:58:39.956000Z,2022-03-23T19:45:03.402000Z,2022-03-23T19:49:46.337000Z,,2784,52BD9173,301,English,29,Male,Black,Zimbabwe,South Africa,Zimbabwe,English,Yes,Full-Time
623b6ddc64bf857ab625d328,60a695559de56796526c4656,APPROVED,2022-03-23T18:58:36.649000Z,2022-03-23T19:12:41.237000Z,2022-03-23T19:49:48.715000Z,,845,52BD9173,19,"Polish, English",20,Male,White,Poland,Poland,Poland,Polish,DATA_EXPIRED,DATA_EXPIRED
623b6ddca286894cbf6953ba,6111281b3d915d8410aca00d,APPROVED,2022-03-23T18:58:36.254000Z,2022-03-23T19:22:48.588000Z,2022-03-23T19:49:49.688000Z,,1453,52BD9173,331,"English, Spanish",28,Female,Other,United States,Mexico,United States,English,No,Full-Time
623b6ddd0889aa86c92259d7,5a280910e5bd400001e19ebd,APPROVED,2022-03-23T18:58:43.900000Z,2022-03-23T19:30:51.586000Z,2022-03-23T19:49:45.357000Z,,1928,52BD9173,327,"French, English",26,Female,White,Portugal,Portugal,Portugal,Portuguese,No,Full-Time
623b6ddd37b6e9714b5441bb,5cbc8bd2114fa5001aac5c45,APPROVED,2022-03-23T18:58:43.439000Z,2022-03-23T19:52:28.196000Z,2022-03-23T19:59:04.488000Z,,3225,52BD9173,117,"Hungarian, English",23,Male,White,Hungary,Hungary,Hungary,English,Yes,Other
623b6ddfc9ed40edaca3fe24,615f331b8161acc6331a13f1,APPROVED,2022-03-23T18:59:03.974000Z,2022-03-23T20:13:19.669000Z,2022-03-23T20:14:06.143000Z,,4456,52BD9173,222,"English, Spanish",28,Male,White,Mexico,Mexico,Mexico,Spanish,DATA_EXPIRED,DATA_EXPIRED
623b6de3ac92b5b5425d75fb,5f02e960116f971695edc5cc,APPROVED,2022-03-23T18:58:54.503000Z,2022-03-23T19:44:40.890000Z,2022-03-23T19:49:41.394000Z,,2747,52BD9173,34,"Hebrew, English",27,Female,White,United States,Israel,Israel,Hebrew,DATA_EXPIRED,DATA_EXPIRED
623b6de66c5988522c387a4d,614aa3c261217ac8ee05b90c,APPROVED,2022-03-23T18:58:46.364000Z,2022-03-23T19:48:18.865000Z,2022-03-23T19:49:44.957000Z,,2973,52BD9173,262,"English, Spanish, Portuguese",21,Male,White,Portugal,Portugal,Portugal,Portuguese,Yes,Other
623b6de69190d60f5b8f2594,5e4a932344498f4e361fee0d,APPROVED,2022-03-23T18:58:46.729000Z,2022-03-23T20:13:31.734000Z,2022-03-23T20:14:08.777000Z,,4486,52BD9173,482,"English, Portuguese",24,Male,White,Portugal,Portugal,Portugal,Portuguese,Yes,Full-Time
623b6de787344d7b2ab0a026,61143bd22a1649da3b52ae32,APPROVED,2022-03-23T18:58:47.092000Z,2022-03-23T19:49:30.941000Z,2022-03-23T19:49:43.730000Z,,3044,52BD9173,231,English,23,Male,Black,South Africa,South Africa,South Africa,English,Yes,Due to start a new job within the next month
623b6de7999cdc4f9a00d6f8,613f8025729e764d1eb4a59e,APPROVED,2022-03-23T18:58:49.795000Z,2022-03-23T19:25:54.985000Z,2022-03-23T19:49:42.609000Z,,1626,52BD9173,27,"Portuguese, English",24,Male,White,Portugal,Portugal,Portugal,Portuguese,No,DATA_EXPIRED
623b6de8c716058202556656,6148c1ef5d2e09cdc0bad326,APPROVED,2022-03-23T18:58:51.991000Z,2022-03-23T20:05:18.434000Z,2022-03-23T20:14:07.690000Z,,3987,52BD9173,74,"Spanish, English",26,Male,Mixed,Mexico,Mexico,Mexico,Spanish,DATA_EXPIRED,DATA_EXPIRED
623b6de972557401d73828ff,6139ed4facd14a297443bf42,APPROVED,2022-03-23T18:59:14.460000Z,2022-03-23T20:14:42.813000Z,2022-03-23T20:17:20.014000Z,,4529,52BD9173,47,English,24,Female,Black,South Africa,South Africa,South Africa,English,DATA_EXPIRED,DATA_EXPIRED
623b6decd32e633f637ac167,616d2583434950427dd06a50,APPROVED,2022-03-23T18:58:52.030000Z,2022-03-23T19:50:53.475000Z,2022-03-23T19:51:31.380000Z,,3122,52BD9173,93,English,28,Male,Black,South Georgia and the South Sandwich Islands,South Africa,South Africa,English,DATA_EXPIRED,DATA_EXPIRED
623b6dee49dc48cb5c684702,605563e772e44013a0772597,APPROVED,2022-03-23T18:58:54.989000Z,2022-03-23T19:49:00.827000Z,2022-03-23T19:49:39.918000Z,,3006,52BD9173,349,"English, Spanish",41,Male,White,"Venezuela, Bolivarian Republic of",Chile,Chile,Spanish,No,Full-Time
623b6deed26ee0093b4d404f,602f69ce775c55c4b3ceeabb,APPROVED,2022-03-23T19:00:27.820000Z,2022-03-23T20:25:47.219000Z,2022-03-23T20:31:52.062000Z,,5120,52BD9173,356,"English, Polish",20,Male,White,Poland,Poland,Poland,Polish,Yes,Unemployed (and job seeking)
623b6df181351e7c45f2011f,614f7585cf13b9be74dd0f86,APPROVED,2022-03-23T19:02:56.629000Z,2022-03-23T20:13:16.768000Z,2022-03-23T20:13:24.768000Z,,4221,52BD9173,111,"English, Spanish, French",27,Male,Other,Mexico,Mexico,Mexico,Spanish,No,Full-Time
623b6df38af8ec27554c5de1,60eecbbaf3b84a7fd7a5784e,APPROVED,2022-03-23T18:58:59.530000Z,2022-03-23T19:05:48.686000Z,2022-03-25T13:56:11.137000Z,,410,52BD9173,41,English,27,Male,White,South Africa,South Africa,South Africa,English,DATA_EXPIRED,DATA_EXPIRED
623b6df39f12b05a3c31efb7,5b954193d14070000131d140,APPROVED,2022-03-23T18:58:59.198000Z,2022-03-23T19:20:18.802000Z,2022-03-23T19:49:37.496000Z,,1280,52BD9173,403,"German, Polish, English",32,Male,White,Poland,Poland,Poland,Polish,DATA_EXPIRED,DATA_EXPIRED
623b6df4dbae8c94aa852d56,602c11c29029ff46f065703d,APPROVED,2022-03-23T18:59:00.665000Z,2022-03-23T19:23:25.054000Z,2022-03-23T19:49:33.110000Z,,1465,52BD9173,284,"English, Portuguese",23,Male,White,Portugal,Portugal,Portugal,Portuguese,Yes,Other
623b6df8cd78a5fde9085efe,615ac6e5216f047d73a04f63,APPROVED,2022-03-23T18:59:04.731000Z,2022-03-23T19:44:34.449000Z,2022-03-23T19:49:31.378000Z,,2730,52BD9173,256,"English, Afrikaans",39,Female,Asian,South Africa,South Africa,South Africa,English,Yes,DATA_EXPIRED
623b6e04857601f511e1eaa4,60dd74f3e16a1ddee7b77d84,REJECTED,2022-03-23T18:59:16.013000Z,2022-03-23T19:00:13.272000Z,2022-03-23T20:42:57.061000Z,,58,NOCODE,49,CONSENT_REVOKED,CONSENT_REVOKED,CONSENT_REVOKED,CONSENT_REVOKED,CONSENT_REVOKED,CONSENT_REVOKED,CONSENT_REVOKED,CONSENT_REVOKED,CONSENT_REVOKED,CONSENT_REVOKED
623b6e08a2d515774defa9ef,5f875fd7fa04e81765e7207b,APPROVED,2022-03-23T19:00:20.108000Z,2022-03-23T20:10:52.805000Z,2022-03-23T20:14:02.061000Z,,4233,52BD9173,243,"Polish, English",21,Female,White,Poland,Poland,Poland,Polish,Yes,Part-Time
623b6e09a42f08c01f4a8949,608f11069798d0a9503630dc,APPROVED,2022-03-23T18:59:21.288000Z,2022-03-23T20:39:49.545000Z,2022-03-23T20:44:12.111000Z,,6029,52BD9173,141,"Portuguese, English, French",25,Male,White,Portugal,Portugal,Portugal,Portuguese,DATA_EXPIRED,DATA_EXPIRED
623b6e0bd9fd7a2e3f15066a,5f510a6edd31022c75458357,APPROVED,2022-03-23T18:59:23.773000Z,2022-05-26T12:15:15.722000Z,2022-05-26T12:15:17.102000Z,,5505352,Manual Completion,333,"English, Polish",31,Male,White,Poland,Poland,Poland,Polish,No,Full-Time
623b6e0e34cdc2f762f644d9,60c9c6e1728092717b93abde,APPROVED,2022-03-23T18:59:30.993000Z,2022-03-23T20:16:19.838000Z,2022-03-23T20:17:17.348000Z,,4609,52BD9173,422,"Italian, English",23,Male,White,Italy,Italy,Italy,Italian,Yes,Part-Time
623b6e0e5221bca547d5a276,61438c83c0d9428ad7b4e4b8,APPROVED,2022-03-23T18:59:32.746000Z,2022-03-23T20:49:22.126000Z,2022-03-23T20:55:24.982000Z,,6590,52BD9173,117,English,23,Male,Black,South Africa,South Africa,South Africa,English,DATA_EXPIRED,DATA_EXPIRED
623b6e0f3adcbdc102559d6d,613b8e629884c58587215f24,APPROVED,2022-03-23T18:59:31.515000Z,2022-03-23T20:34:57.044000Z,2022-03-23T20:44:10.341000Z,,5726,52BD9173,27,"English, French, Spanish",23,Female,Other,Mexico,Mexico,Mexico,Spanish,DATA_EXPIRED,DATA_EXPIRED
623b6e10c3ffe5e55601180b,5f9c3f065e10810963caef6a,APPROVED,2022-03-23T18:59:28.975000Z,2022-03-23T19:52:34.900000Z,2022-03-23T19:59:02.746000Z,,3186,52BD9173,202,"Italian, Spanish, English",29,Male,White,Italy,Italy,Italy,Italian,DATA_EXPIRED,Unemployed (and job seeking)
623b6e1360fdd92731608973,616845890a6d246fe5c30ed8,APPROVED,2022-03-23T18:59:31.981000Z,2022-03-23T20:16:43.187000Z,2022-03-23T20:44:08.080000Z,,4632,52BD9173,211,English,22,Male,Black,South Africa,South Africa,South Africa,English,No,Full-Time
623b6e143362abfb30132f3f,5fb2946df797088a8c405c2e,APPROVED,2022-03-23T18:59:32.602000Z,2022-03-23T19:19:46.890000Z,2022-03-23T19:49:25.996000Z,,1215,52BD9173,126,"English, Portuguese",21,Male,White,Portugal,Portugal,Portugal,Portuguese,Yes,Other
623b6e19ba0fb2cb385ce2d3,613a90797c260bf490fabae6,APPROVED,2022-03-23T18:59:37.753000Z,2022-03-23T19:49:02.656000Z,2022-03-23T19:49:28.214000Z,,2965,52BD9173,175,"Spanish, English",23,Male,White,Mexico,Mexico,Mexico,Spanish,Yes,Unemployed (and job seeking)
623b6e1c7e5a4533823ff749,5ead88170d11e706162e0fcd,APPROVED,2022-03-23T18:59:40.254000Z,2022-03-23T19:56:51.263000Z,2022-03-23T19:59:01.591000Z,,3432,52BD9173,284,"Portuguese, Spanish, English",33,Male,White,Portugal,Portugal,Portugal,Portuguese,DATA_EXPIRED,DATA_EXPIRED
623b6e1d1fcf1d82ba6e85d4,61095eb446ca438b039ab87d,APPROVED,2022-03-23T18:59:46.195000Z,2022-03-23T19:16:29.425000Z,2022-03-23T19:49:24.933000Z,,1004,52BD9173,56,"English, Spanish",28,Female,Mixed,Mexico,Mexico,Mexico,Spanish,No,Full-Time
623b6e1f3d64b8759f6c8a70,5f7728b294840b203855824d,RETURNED,2022-03-23T19:09:23.623000Z,2022-03-23T19:16:38.271000Z,,,,NOCODE,261,CONSENT_REVOKED,CONSENT_REVOKED,CONSENT_REVOKED,CONSENT_REVOKED,CONSENT_REVOKED,CONSENT_REVOKED,CONSENT_REVOKED,CONSENT_REVOKED,CONSENT_REVOKED,CONSENT_REVOKED
623b6e22c3d75ad94ea542e6,60410ec631979c00085aa403,REJECTED,2022-03-23T18:59:46.478000Z,2022-03-23T19:25:33.604000Z,2022-03-24T12:49:38.702000Z,,1548,NOCODE,123,CONSENT_REVOKED,CONSENT_REVOKED,CONSENT_REVOKED,CONSENT_REVOKED,CONSENT_REVOKED,CONSENT_REVOKED,CONSENT_REVOKED,CONSENT_REVOKED,CONSENT_REVOKED,CONSENT_REVOKED
623b6e266cbd518203fc05b2,6172dbbae6d358d7304e81b3,APPROVED,2022-03-23T19:00:23.297000Z,2022-03-23T20:46:25.638000Z,2022-03-23T20:46:35.583000Z,,6363,52BD9173,219,English,47,Female,Black,South Africa,South Africa,South Africa,English,No,Full-Time
623b6e27ba21aff78ad73b74,60992b15fc229ef9cf9a1da8,APPROVED,2022-03-23T18:59:51.530000Z,2022-03-23T20:13:25.916000Z,2022-03-23T20:14:03.667000Z,,4415,52BD9173,260,"Czech, English",21,Male,White,Czech Republic,Czech Republic,Czech Republic,Czech,Yes,Part-Time
623b6e2bc7776dbc4dd9817a,614ce90c61ea707afb50806a,REJECTED,2022-03-23T19:00:01.804000Z,2022-03-23T19:01:27.132000Z,2022-03-23T20:42:27.290000Z,,86,NOCODE,192,CONSENT_REVOKED,CONSENT_REVOKED,CONSENT_REVOKED,CONSENT_REVOKED,CONSENT_REVOKED,CONSENT_REVOKED,CONSENT_REVOKED,CONSENT_REVOKED,CONSENT_REVOKED,CONSENT_REVOKED
623b6e312bd5481da85d5967,5e9faf587ecbab1558b95ec4,REJECTED,2022-03-23T19:00:01.393000Z,2022-03-23T19:13:06.878000Z,2022-03-24T12:49:24.838000Z,,786,NOCODE,134,CONSENT_REVOKED,CONSENT_REVOKED,CONSENT_REVOKED,CONSENT_REVOKED,CONSENT_REVOKED,CONSENT_REVOKED,CONSENT_REVOKED,CONSENT_REVOKED,CONSENT_REVOKED,CONSENT_REVOKED
623b6e325f8e7dfefb113164,5e90428804391d343a01f7e5,APPROVED,2022-03-23T19:00:24.459000Z,2022-03-23T19:45:02.082000Z,2022-03-23T19:49:22.004000Z,,2678,52BD9173,283,English,24,Male,Mixed,South Africa,South Africa,South Africa,English,No,Full-Time
623b6e358a0c7c09d5f41f96,613b789d93a4e9a50e6e2c0b,APPROVED,2022-03-23T19:00:49.522000Z,2022-03-23T20:13:42.663000Z,2022-03-24T12:44:45.654000Z,,4374,NOCODE,162,"Afrikaans, English",22,Female,Black,South Africa,South Africa,South Africa,English,Yes,Part-Time
623b6e3b7724cd8dbfcf15ed,615a395e37b6993b6049d202,APPROVED,2022-03-23T19:00:51.440000Z,2022-03-23T20:24:24.634000Z,2022-03-23T20:31:46.630000Z,,5014,52BD9173,261,English,29,Female,Black,South Africa,South Africa,South Africa,English,No,Full-Time
623b6e3be840ccd492c7ca87,5ef666d9b86de535f6282abe,APPROVED,2022-03-23T19:00:11.315000Z,2022-03-23T19:58:52.202000Z,2022-03-23T19:59:00.230000Z,,3521,52BD9173,278,"Spanish, English",26,Male,DATA_EXPIRED,Chile,Chile,Chile,Spanish,DATA_EXPIRED,DATA_EXPIRED
623b6e3c792db0abbac32181,5e6934b3d899221f45b2662f,APPROVED,2022-03-23T19:00:40.096000Z,2022-03-23T20:12:26.154000Z,2022-03-23T20:14:00.043000Z,,4307,52BD9173,94,"Polish, English",22,Male,White,Poland,Poland,Poland,Polish,DATA_EXPIRED,DATA_EXPIRED
623b6e3f2b0e9824019c404e,613366c803cf375cf2ceaec1,REJECTED,2022-03-23T19:00:20.140000Z,2022-03-23T19:02:41.694000Z,2022-03-23T20:41:45.437000Z,,142,NOCODE,109,CONSENT_REVOKED,CONSENT_REVOKED,CONSENT_REVOKED,CONSENT_REVOKED,CONSENT_REVOKED,CONSENT_REVOKED,CONSENT_REVOKED,CONSENT_REVOKED,CONSENT_REVOKED,CONSENT_REVOKED
623b6e4044d9124e3efd7038,615b223f6a8f4a125e58fd0c,REJECTED,2022-03-23T19:01:51.399000Z,2022-03-23T19:02:59.030000Z,2022-03-23T20:40:38.536000Z,,68,NOCODE,188,CONSENT_REVOKED,CONSENT_REVOKED,CONSENT_REVOKED,CONSENT_REVOKED,CONSENT_REVOKED,CONSENT_REVOKED,CONSENT_REVOKED,CONSENT_REVOKED,CONSENT_REVOKED,CONSENT_REVOKED
623b6e41f4ccd23687cfddda,6152658c23164928661efb6b,APPROVED,2022-03-23T19:00:17.336000Z,2022-03-23T20:52:34.896000Z,2022-03-23T20:55:22.006000Z,,6738,52BD9173,81,"Galician, Spanish, English",21,Female,White,Mexico,Mexico,Mexico,Spanish,Yes,Unemployed (and job seeking)
623b6e474d98a4d26ff568b6,5c26c70f10677f0001db930e,APPROVED,2022-03-23T19:00:45.472000Z,2022-03-23T20:29:48.507000Z,2022-03-23T20:31:41.630000Z,,5344,52BD9173,255,"English, Greek",57,Female,White,United States,Greece,Greece,English,No,Part-Time
623b6e4aca8a32acf1873f9d,608f1d1fd8b76f5713e50393,APPROVED,2022-03-23T19:00:26.024000Z,2022-03-23T20:51:09.289000Z,2022-03-25T13:57:32.056000Z,,6644,NOCODE,104,English,22,Female,Black,South Africa,South Africa,South Africa,English,Yes,Full-Time
623b6e4add5bf66dee4ccbe8,6101281ec898c0925c481e8f,APPROVED,2022-03-23T19:00:26.238000Z,2022-03-23T19:38:05.595000Z,2022-03-23T19:49:20.643000Z,,2260,52BD9173,237,"Italian, English",27,Male,White,Italy,Italy,Italy,Italian,No,Unemployed (and job seeking)
623b6e4ec73d302c270a85ea,5ec554706960444f4a1768de,APPROVED,2022-03-23T19:00:30.687000Z,2022-03-23T20:45:41.478000Z,2022-03-23T20:47:51.214000Z,,6311,52BD9173,237,"Portuguese, English",25,Female,White,Portugal,Portugal,Portugal,Portuguese,No,Full-Time
623b6e540889aa86c92259e1,614e79538497fb73c13121bb,RETURNED,2022-03-23T19:06:42.598000Z,2022-03-23T19:15:19.286000Z,2022-03-23T20:48:20.819000Z,,,614e79538497fb73c13121bb,15,CONSENT_REVOKED,CONSENT_REVOKED,CONSENT_REVOKED,CONSENT_REVOKED,CONSENT_REVOKED,CONSENT_REVOKED,CONSENT_REVOKED,CONSENT_REVOKED,CONSENT_REVOKED,CONSENT_REVOKED
623b6e574367aa8fadab51bc,613a649944921757a76b5522,APPROVED,2022-03-23T19:05:24.737000Z,2022-03-23T20:34:23.659000Z,2022-03-23T20:44:05.454000Z,,5339,52BD9173,106,"English, Spanish",22,Female,Other,Mexico,Mexico,Mexico,Spanish,Yes,Unemployed (and job seeking)
623b6e57cfc44d21f2d86e37,61469431c9693a82e6d45686,APPROVED,2022-03-23T19:00:45.507000Z,2022-03-23T20:44:40.152000Z,2022-03-23T20:47:49.844000Z,,6235,52BD9173,146,"English, Spanish",22,Male,White,Mexico,Mexico,Mexico,Spanish,DATA_EXPIRED,DATA_EXPIRED
623b6e59cd78a5fde9085f07,61166cb238238970bee79486,APPROVED,2022-03-23T19:01:24.291000Z,2022-03-23T19:02:24.027000Z,2022-03-23T21:03:07.821000Z,,60,NOCODE,53,English,27,Female,Black,South Africa,South Africa,South Africa,English,DATA_EXPIRED,DATA_EXPIRED
623b6e5cf495569282f9e25b,5c3b4665559c220001809f7a,APPROVED,2022-03-23T19:00:50.267000Z,2022-03-23T20:46:52.151000Z,2022-03-23T20:47:48.434000Z,,6362,52BD9173,239,English,39,Female,White,France,France,France,French,DATA_EXPIRED,DATA_EXPIRED
623b6e621fcf1d82ba6e85d7,613b8815ef773b5f511d77cc,APPROVED,2022-03-23T19:01:29.651000Z,2022-03-23T20:31:41.731000Z,2022-03-23T20:31:49.093000Z,,5413,52BD9173,121,"Spanish, English",33,Male,Mixed,Mexico,Mexico,Mexico,Spanish,DATA_EXPIRED,DATA_EXPIRED
623b6e6835e26d293a02167c,60eb60010d5d751405f89df1,REJECTED,2022-03-23T19:01:13.943000Z,2022-03-23T19:02:38.166000Z,2022-03-24T12:44:13.678000Z,,85,NOCODE,161,CONSENT_REVOKED,CONSENT_REVOKED,CONSENT_REVOKED,CONSENT_REVOKED,CONSENT_REVOKED,CONSENT_REVOKED,CONSENT_REVOKED,CONSENT_REVOKED,CONSENT_REVOKED,CONSENT_REVOKED
623b6e69b8a4c02b1ce1fc5d,5d9db76a8d7922001729340e,APPROVED,2022-03-23T19:01:01.561000Z,2022-03-23T19:43:32.164000Z,2022-03-23T19:49:18.653000Z,,2551,52BD9173,172,"Slovenian, Croatian, English",39,Female,White,Slovenia,Slovenia,Slovenia,Slovenian,No,Full-Time
623b6e6aafa12a5ec498a55d,5fc241f090a00606685c8f1b,APPROVED,2022-03-23T19:00:58.767000Z,2022-03-23T19:52:26.193000Z,2022-03-23T19:58:58.181000Z,,3088,52BD9173,169,"English, French, Portuguese, Spanish",21,Male,White,Portugal,Portugal,Portugal,Portuguese,Yes,DATA_EXPIRED
623b6e6db2345e15c728806f,601809dedf0288aec1c94413,APPROVED,2022-03-23T19:01:01.755000Z,2022-03-23T19:32:24.608000Z,2022-03-24T12:44:26.063000Z,,1883,NOCODE,139,"English, Polish",23,Male,White,Poland,Poland,Poland,Polish,Yes,Full-Time
623b6e71785ae4ddd86ba120,6137216fe81d8eabdaafbe9c,APPROVED,2022-03-23T19:01:11.477000Z,2022-03-23T19:41:43.471000Z,2022-03-23T20:34:36.618000Z,,2432,NOCODE,119,English,22,Female,Black,South Africa,South Africa,South Africa,English,DATA_EXPIRED,DATA_EXPIRED
623b6e75283e79e0cb92b2d3,60e4be83c79541be4be8a584,APPROVED,2022-03-23T19:01:09.406000Z,2022-03-23T20:25:26.982000Z,2022-03-23T20:31:40.273000Z,,5058,52BD9173,68,"Polish, English",27,Male,White,Poland,Poland,Poland,Polish,DATA_EXPIRED,DATA_EXPIRED
623b6e7bd32e633f637ac172,5bf5e55ebf67dc00015a2b3f,APPROVED,2022-03-23T19:02:31.350000Z,2022-03-23T20:36:08.108000Z,2022-03-23T20:44:03.417000Z,,5617,52BD9173,476,"English, Polish, French",26,Male,White,Poland,Poland,Poland,Polish,No,Part-Time
623b6e829bc350564878e36e,5dffb7505cc380bf9945baf6,APPROVED,2022-03-23T19:01:22.844000Z,2022-03-23T20:14:28.041000Z,2022-03-23T20:17:15.263000Z,,4386,52BD9173,506,"English, German, Polish",40,Male,White,Poland,Poland,Poland,Polish,No,Full-Time
623b6e84345284a099552fa3,5ef60100939d49285b4c2003,APPROVED,2022-03-23T19:01:24.420000Z,2022-03-23T20:20:02.052000Z,2022-03-23T20:20:57.179000Z,,4718,52BD9173,185,"Polish, English",23,Male,White,Poland,Poland,Poland,Polish,DATA_EXPIRED,DATA_EXPIRED
623b6e84e67c53e6f6d0ac90,60f3123228a095a13197ff0d,REJECTED,2022-03-23T19:02:19.155000Z,2022-03-23T19:13:02.126000Z,2022-03-24T12:43:43.510000Z,,643,NOCODE,24,CONSENT_REVOKED,CONSENT_REVOKED,CONSENT_REVOKED,CONSENT_REVOKED,CONSENT_REVOKED,CONSENT_REVOKED,CONSENT_REVOKED,CONSENT_REVOKED,CONSENT_REVOKED,CONSENT_REVOKED
623b6e86305d85b8d87ec669,60a7bfcca14b2acd0cb66b16,REJECTED,2022-03-23T19:01:29.994000Z,2022-03-23T19:02:27.257000Z,2022-03-23T20:32:28.456000Z,,58,NOCODE,67,CONSENT_REVOKED,CONSENT_REVOKED,CONSENT_REVOKED,CONSENT_REVOKED,CONSENT_REVOKED,CONSENT_REVOKED,CONSENT_REVOKED,CONSENT_REVOKED,CONSENT_REVOKED,CONSENT_REVOKED
623b6e87a6020340061b3310,5cd6eba26834a6001746b667,APPROVED,2022-03-23T19:01:27.316000Z,2022-03-23T20:15:01.715000Z,2022-03-23T20:17:13.526000Z,,4415,52BD9173,555,"English, Polish",30,Male,White,Poland,Poland,Poland,Polish,DATA_EXPIRED,DATA_EXPIRED
623b6e89443c6c5e3cb98144,5fbe9fbf14d72f05919cefb1,APPROVED,2022-03-23T19:01:29.745000Z,2022-03-23T20:27:21.641000Z,2022-03-23T20:31:37.071000Z,,5152,52BD9173,127,"English, Polish",23,Male,White,Poland,Poland,Poland,Polish,DATA_EXPIRED,DATA_EXPIRED
623b6e8db5394efd14c1502e,60e47054c4135013a3a7b7c7,REJECTED,2022-03-23T19:01:33.269000Z,2022-03-23T19:06:51.535000Z,2022-03-24T12:43:57.408000Z,,319,NOCODE,229,CONSENT_REVOKED,CONSENT_REVOKED,CONSENT_REVOKED,CONSENT_REVOKED,CONSENT_REVOKED,CONSENT_REVOKED,CONSENT_REVOKED,CONSENT_REVOKED,CONSENT_REVOKED,CONSENT_REVOKED
623b6e8ded7a04aa0b7fe715,61012cbdaef76ce92c412ce2,APPROVED,2022-03-23T19:02:24.879000Z,2022-03-23T19:23:04.652000Z,2022-03-23T19:50:57.210000Z,,1240,52BD9173,115,"English, Polish",21,Male,White,Poland,Poland,Poland,Polish,Yes,Other
623b6e8e9ac57a88b7945d05,6168588e10735f15b2173bfe,APPROVED,2022-03-23T19:02:01.743000Z,2022-03-23T19:31:26.352000Z,2022-03-23T19:49:14.933000Z,,1765,52BD9173,117,"Portuguese, English",23,Male,White,United Kingdom,Portugal,United Kingdom,English,DATA_EXPIRED,Full-Time
623b6e902315e4a700fa129e,60acc469b4845c7d7727a670,APPROVED,2022-03-23T19:01:36.961000Z,2022-03-23T20:08:54.581000Z,2022-03-23T20:13:56.830000Z,,4038,52BD9173,297,"Portuguese, English",23,Male,White,Portugal,Slovenia,Portugal,Portuguese,Yes,Part-Time
623b6e90f78d39bc01316372,5f4ec38ebb2d631029d0af94,REJECTED,2022-03-23T19:01:36.452000Z,2022-03-23T19:02:02.622000Z,2022-03-23T20:17:48.697000Z,,27,NOCODE,261,CONSENT_REVOKED,CONSENT_REVOKED,CONSENT_REVOKED,CONSENT_REVOKED,CONSENT_REVOKED,CONSENT_REVOKED,CONSENT_REVOKED,CONSENT_REVOKED,CONSENT_REVOKED,CONSENT_REVOKED
623b6e9147a8356f43d141e4,6105a74f20abf4a3b6e39da4,APPROVED,2022-03-23T19:02:40.167000Z,2022-03-23T20:18:04.590000Z,2022-03-23T20:20:52.854000Z,,4525,52BD9173,87,English,22,Female,Black,South Africa,South Africa,South Africa,English,DATA_EXPIRED,DATA_EXPIRED
623b6e925b5580489aef5778,613182b13759de601eedaa8a,APPROVED,2022-03-23T19:01:41.360000Z,2022-03-23T20:25:25.778000Z,2022-03-23T20:31:33.582000Z,,5025,52BD9173,68,"English, Spanish",31,Male,White,Mexico,Mexico,Mexico,Spanish,DATA_EXPIRED,DATA_EXPIRED
623b6e93595b848f8539a3ad,5f9eeebb30a3e74d62bd808a,REJECTED,2022-03-23T19:04:36.277000Z,2022-03-23T19:08:03.713000Z,2022-03-23T20:25:56.895000Z,,208,NOCODE,124,CONSENT_REVOKED,CONSENT_REVOKED,CONSENT_REVOKED,CONSENT_REVOKED,CONSENT_REVOKED,CONSENT_REVOKED,CONSENT_REVOKED,CONSENT_REVOKED,CONSENT_REVOKED,CONSENT_REVOKED
623b6e95c3388610ec0f1a7e,5ea29ca19a49751b847daed5,APPROVED,2022-03-23T19:02:39.315000Z,2022-03-23T19:53:04.976000Z,2022-03-23T19:58:37.528000Z,,3026,52BD9173,270,"Italian, English",34,Male,White,Italy,Italy,Italy,Italian,No,Unemployed (and job seeking)
623b6e95d3fd706d7ca00a69,607482bb5d817412152b6e70,APPROVED,2022-03-23T19:01:41.321000Z,2022-03-23T19:52:01.456000Z,2022-03-23T19:58:52.007000Z,,3021,52BD9173,70,"Slovenian, English",22,Male,White,Slovenia,Slovenia,Slovenia,Slovenian,DATA_EXPIRED,DATA_EXPIRED
623b6e9a91a229fec990ba93,5f0021867c6da111da7c9b31,APPROVED,2022-03-23T19:05:01.128000Z,2022-03-23T20:27:34.156000Z,2022-03-23T20:31:20.993000Z,,4954,52BD9173,336,"Polish, German, English",22,Male,White,Poland,Poland,Poland,Polish,Yes,Part-Time
623b6e9d21fa345925118af1,615e869bf4fa04dfc1936eab,APPROVED,2022-03-23T19:01:49.448000Z,2022-03-23T19:58:27.508000Z,2022-03-23T19:58:50.225000Z,,3399,52BD9173,222,English,38,Male,Black,South Africa,South Africa,South Africa,English,No,Full-Time
623b6e9f3c321d1a42d1d1bc,611cecf9eff06d92fa6f0f8c,RETURNED,2022-03-23T19:03:27.774000Z,2022-03-23T19:04:53.717000Z,,,,NOCODE,42,CONSENT_REVOKED,CONSENT_REVOKED,CONSENT_REVOKED,CONSENT_REVOKED,CONSENT_REVOKED,CONSENT_REVOKED,CONSENT_REVOKED,CONSENT_REVOKED,CONSENT_REVOKED,CONSENT_REVOKED
623b6ea1e08c1aff8ef92b9b,60ef378748ce968595a5e504,REJECTED,2022-03-23T19:02:03.568000Z,2022-03-23T19:21:29.251000Z,2022-03-23T20:48:05.118000Z,,1166,153B251B,121,CONSENT_REVOKED,CONSENT_REVOKED,CONSENT_REVOKED,CONSENT_REVOKED,CONSENT_REVOKED,CONSENT_REVOKED,CONSENT_REVOKED,CONSENT_REVOKED,CONSENT_REVOKED,CONSENT_REVOKED
623b6ea6305d85b8d87ec66c,5caddec9facb4c0016ed3652,APPROVED,2022-03-23T19:07:28.820000Z,2022-03-23T20:14:36.409000Z,2022-03-23T20:17:05.745000Z,,4028,52BD9173,669,"English, Polish",48,Male,White,Poland,Poland,Poland,Polish,No,Full-Time
623b6ea75286d5bb8557e582,5f61341fe5033f0b6327fb7f,APPROVED,2022-03-23T19:02:56.159000Z,2022-03-23T20:48:23.021000Z,2022-03-23T20:48:29.321000Z,,6327,52BD9173,92,"Italian, English",24,Female,White,Italy,Italy,Italy,Italian,Yes,Part-Time
623b6eaa0490639254e022a2,611cccc7df12bfa05e6135e0,APPROVED,2022-03-23T19:02:22.105000Z,2022-03-23T20:51:46.148000Z,2022-03-23T20:55:19.896000Z,,6565,52BD9173,130,English,26,Female,Black,South Africa,South Africa,South Africa,English,Yes,Full-Time
623b6eac6fdebd73a93ad320,5af4cd9c20299700016d1245,APPROVED,2022-03-23T19:02:14.688000Z,2022-03-23T19:02:40.143000Z,2022-03-23T19:58:42.935000Z,,26,NOCODE,614,English,38,Male,White,United Kingdom,United Kingdom,United Kingdom,English,No,Other
623b6eac9b2b2624d9accf87,6036b55a1bb857e12fb70219,APPROVED,2022-03-23T19:02:04.065000Z,2022-03-23T19:49:33.668000Z,2022-03-23T19:50:54.907000Z,,2850,52BD9173,158,"English, Italian, Spanish",26,Male,Mixed,Mexico,Mexico,Mexico,Spanish,No,Full-Time
623b6eaf08cf580312236e18,5eda9e891e6ee06df48c4b57,APPROVED,2022-03-23T19:02:07.538000Z,2022-03-23T20:35:40.135000Z,2022-03-23T20:44:01.215000Z,,5613,52BD9173,280,"English, Catalan, Spanish",44,Female,White,Spain,Spain,Spain,Catalan,DATA_EXPIRED,DATA_EXPIRED
623b6eafa011dc620de9fcea,5ecd7b06a1a9170e7806f51e,APPROVED,2022-03-23T19:02:07.296000Z,2022-03-23T19:59:45.405000Z,2022-03-23T20:00:00.428000Z,,3459,52BD9173,389,"English, Polish",26,Male,White,Poland,Poland,Poland,Polish,No,Unemployed (and job seeking)
623b6eb14939c21e52744f33,5e9569e57ca863415e6359bc,APPROVED,2022-03-23T19:02:09.943000Z,2022-03-23T20:16:23.824000Z,2022-03-23T20:17:10.254000Z,,4454,52BD9173,392,"Spanish, English",22,Male,Mixed,Mexico,Mexico,Mexico,Spanish,Yes,Other
623b6eb23b2266ed408eed5b,60e6cb6a27722692eb8f9870,REJECTED,2022-03-23T19:02:26.965000Z,2022-03-23T19:02:57.183000Z,2022-03-23T20:48:39.172000Z,,31,60e6cb6a27722692eb8f9870,27,CONSENT_REVOKED,CONSENT_REVOKED,CONSENT_REVOKED,CONSENT_REVOKED,CONSENT_REVOKED,CONSENT_REVOKED,CONSENT_REVOKED,CONSENT_REVOKED,CONSENT_REVOKED,CONSENT_REVOKED
623b6eb3f698a87829f44ef1,5fb9adb28a52968d9f561808,APPROVED,2022-03-23T19:02:48.825000Z,2022-03-23T19:47:19.108000Z,2022-03-23T19:49:07.072000Z,,2671,52BD9173,279,"English, Spanish",29,Male,Other,Mexico,Mexico,Mexico,Spanish,No,Part-Time
623b6eb5c33fd27c99a56997,614db1233b10aec24f2a9ee9,APPROVED,2022-03-23T19:03:43.558000Z,2022-03-23T19:44:18.763000Z,2022-03-23T19:49:01.496000Z,,2436,52BD9173,101,"English, Polish",21,Male,White,Poland,Poland,Poland,Polish,No,DATA_EXPIRED
623b6eb6c51ec193b511c9e6,5ecaa03045d07e0767b5d61e,APPROVED,2022-03-23T19:02:14.185000Z,2022-03-23T19:51:51.674000Z,2022-03-23T19:58:47.594000Z,,2978,52BD9173,369,"English, Spanish",22,Male,White,Spain,Spain,Spain,Spanish,Yes,Other
623b6eb780156f440aa1b998,6152c2ccdc9301faa88bb95a,APPROVED,2022-03-23T19:02:34.711000Z,2022-03-23T19:55:02.956000Z,2022-03-23T19:58:38.502000Z,,3149,52BD9173,112,"English, Spanish",22,Male,Other,Mexico,Mexico,Mexico,Spanish,Yes,Part-Time
623b6ebe453d8faa17d95545,58a851eab2a7180001f06546,APPROVED,2022-03-23T19:02:22.146000Z,2022-03-23T19:56:36.636000Z,2022-03-23T19:58:40.267000Z,,3255,52BD9173,452,"English, Portuguese",44,Male,White,Portugal,Portugal,Portugal,Portuguese,DATA_EXPIRED,DATA_EXPIRED
623b6ed053a7846071848f8f,611e43f635e97d79b17096ef,APPROVED,2022-03-23T19:02:43.718000Z,2022-03-23T20:22:39.008000Z,2022-03-23T20:30:57.178000Z,,4796,52BD9173,138,English,23,Male,Black,South Africa,South Africa,South Africa,English,DATA_EXPIRED,DATA_EXPIRED
623b6ed24749e0381ffe8716,613a7a5f8b312649e7a5b4ee,APPROVED,2022-03-23T19:02:52.834000Z,2022-03-23T20:10:16.624000Z,2022-03-23T20:13:20.515000Z,,4044,52BD9173,309,"Spanish, English",27,Female,White,Mexico,Mexico,Mexico,Spanish,No,Full-Time
623b6ee17d1c6ab3d319ce7e,616ddbb10e3c5051eef2abdb,APPROVED,2022-03-23T19:03:04.242000Z,2022-03-23T19:04:27.521000Z,2022-03-24T12:36:41.133000Z,,84,NOCODE,187,English,28,Female,Black,South Africa,South Africa,South Africa,English,Yes,Part-Time
623b6ee7f2cb656999db7940,5e7f35ac33f8d4000aede88c,APPROVED,2022-03-23T19:03:07.945000Z,2022-03-23T20:34:48.916000Z,2022-03-23T20:43:58.082000Z,,5501,52BD9173,270,"English, Italian, Spanish",29,Male,Mixed,"Venezuela, Bolivarian Republic of",Italy,Italy,Spanish,No,Unemployed (and job seeking)
623b6eed6500da8830d4f323,603e261c7f3a46e05331f69e,APPROVED,2022-03-23T19:03:09.258000Z,2022-03-23T19:42:16.492000Z,2022-03-23T19:49:04.766000Z,,2348,52BD9173,175,"Polish, English",21,Female,White,Poland,Poland,Poland,Polish,Yes,"Not in paid work (e.g. homemaker', 'retired or disabled)"
623b6efbc3388610ec0f1a83,5c49e0b1d1150d0001e11987,APPROVED,2022-03-23T19:07:06.418000Z,2022-03-23T20:41:06.219000Z,2022-03-23T20:43:56.220000Z,,5640,52BD9173,567,"Spanish, French, Portuguese, Italian, English",40,Female,White,Portugal,Portugal,Portugal,Portuguese,No,Full-Time
623b6f0d9b37a934df0226b6,5ed904894ccf67442eb33433,APPROVED,2022-03-23T19:03:41.343000Z,2022-03-23T20:19:25.169000Z,2022-03-23T20:20:49.551000Z,,4544,52BD9173,92,"Polish, English",23,Male,White,Poland,Poland,Poland,Polish,DATA_EXPIRED,DATA_EXPIRED
623b6f1c965874a14e208f8e,615c4b95e922f8b3db875e32,REJECTED,2022-03-23T19:04:17.589000Z,2022-03-23T19:12:51.214000Z,2022-03-23T20:25:17.559000Z,,514,NOCODE,165,CONSENT_REVOKED,CONSENT_REVOKED,CONSENT_REVOKED,CONSENT_REVOKED,CONSENT_REVOKED,CONSENT_REVOKED,CONSENT_REVOKED,CONSENT_REVOKED,CONSENT_REVOKED,CONSENT_REVOKED
623b6f24a29edbfac029fe3c,61503885693f6ebde3f2fcbc,APPROVED,2022-03-23T19:04:26.411000Z,2022-03-23T20:31:45.545000Z,2022-03-23T20:32:56.288000Z,,5240,52BD9173,292,"English, Spanish",22,Female,Other,Argentina,Spain,Argentina,Spanish,DATA_EXPIRED,DATA_EXPIRED
623b6f25426d17bb5af632d8,5c018eb6067bbf00019ba43d,APPROVED,2022-03-23T19:04:44.371000Z,2022-03-23T19:57:20.678000Z,2022-03-23T19:58:35.382000Z,,3157,52BD9173,296,"English, Polish",30,Male,White,Poland,Poland,Poland,Polish,No,Due to start a new job within the next month
623b6f25ed3da85459a08ce8,613d091096ca434d703f77c5,APPROVED,2022-03-23T19:04:55.987000Z,2022-03-23T19:58:39.431000Z,2022-03-23T19:58:55.016000Z,,3224,52BD9173,351,"Italian, English",24,Male,White,Italy,Italy,Italy,Italian,Yes,Part-Time
623b6f42c736c9c4ccf803bd,5f6c83ed27da0d02715f0a74,APPROVED,2022-03-23T19:04:34.292000Z,2022-03-23T20:28:04.733000Z,2022-03-23T20:30:50.546000Z,,5011,52BD9173,195,"English, Polish",26,Male,White,Poland,Poland,Poland,Polish,DATA_EXPIRED,DATA_EXPIRED
623b6f527724cd8dbfcf15f3,606b4938a38c89fd53863023,APPROVED,2022-03-23T19:04:50.647000Z,2022-03-23T20:50:15.682000Z,2022-03-23T20:55:18.542000Z,,6326,52BD9173,41,English,34,Male,Black,Zimbabwe,South Africa,Zimbabwe,English,DATA_EXPIRED,DATA_EXPIRED
623b6f668532d8fd7ecab71b,60fc06a551733182cbfee788,APPROVED,2022-03-23T19:05:54.334000Z,2022-03-23T19:42:47.748000Z,2022-03-23T19:48:59.713000Z,,2214,52BD9173,168,English,22,Female,Black,South Africa,South Africa,South Africa,English,Yes,DATA_EXPIRED
623b6f7b41ad364cee9226d0,5faa6cab8ac7a937a5240fcb,APPROVED,2022-03-23T19:05:31.948000Z,2022-03-23T20:16:07.084000Z,2022-03-23T20:17:08.155000Z,,4236,52BD9173,432,"Polish, English",22,Male,White,Poland,Poland,Poland,Polish,Yes,Other
623b6fa4345284a099552fb3,60ca61e3847687e15ae28b95,REJECTED,2022-03-23T19:10:28.854000Z,2022-03-23T19:16:05.566000Z,2022-03-23T20:25:05.400000Z,,337,NOCODE,98,CONSENT_REVOKED,CONSENT_REVOKED,CONSENT_REVOKED,CONSENT_REVOKED,CONSENT_REVOKED,CONSENT_REVOKED,CONSENT_REVOKED,CONSENT_REVOKED,CONSENT_REVOKED,CONSENT_REVOKED
623b6fb121fa345925118afb,60eefa9fb31d4df6875637a8,REJECTED,2022-03-23T19:06:28.975000Z,2022-03-23T19:08:46.776000Z,2022-03-23T20:24:53.855000Z,,138,NOCODE,42,CONSENT_REVOKED,CONSENT_REVOKED,CONSENT_REVOKED,CONSENT_REVOKED,CONSENT_REVOKED,CONSENT_REVOKED,CONSENT_REVOKED,CONSENT_REVOKED,CONSENT_REVOKED,CONSENT_REVOKED
623b6fb48814fb6138cf9ed7,6068ecb36f9988ce609a723c,APPROVED,2022-03-23T19:06:38.911000Z,2022-03-23T19:52:32.280000Z,2022-03-23T19:58:33.298000Z,,2754,52BD9173,74,"Slovenian, English",21,Male,White,Slovenia,Slovenia,Slovenia,Slovenian,DATA_EXPIRED,DATA_EXPIRED
623b6fbe4c66dba7dcfc9463,613a212777c0e8a5e4a2ffe0,APPROVED,2022-03-23T19:09:03.289000Z,2022-03-23T20:10:16.175000Z,2022-03-23T20:12:51.764000Z,,3673,52BD9173,179,English,25,Female,White,Mexico,Mexico,Mexico,English,No,Full-Time
623b6fbf86c5db093ed24c28,5fcce8f76aa957b305bc5e9f,APPROVED,2022-03-23T19:06:39.689000Z,2022-03-23T19:41:09.335000Z,2022-03-23T19:48:58.008000Z,,2070,52BD9173,244,"English, Polish",26,Male,White,Poland,Poland,Poland,Polish,No,Unemployed (and job seeking)
623b6fcaab71cdd29ffeee7e,5e72753556204e1bb0940db1,APPROVED,2022-03-23T19:07:01.782000Z,2022-03-23T19:32:50.658000Z,2022-03-23T19:48:56.121000Z,,1549,52BD9173,192,"Portuguese, English",25,Male,White,Portugal,Portugal,Portugal,Portuguese,Yes,Part-Time
623b6fd6f74a6eb853656f24,5f231ce873aec009dac7955e,APPROVED,2022-03-23T19:07:29.333000Z,2022-03-23T20:26:58.656000Z,2022-03-23T20:30:48.305000Z,,4770,52BD9173,228,"English, Spanish",28,Male,Other,Chile,Chile,Chile,Spanish,DATA_EXPIRED,DATA_EXPIRED
623b6fdebf2c2127e0d7cca1,60b8821f411774d7d22b3512,APPROVED,2022-03-23T19:09:31.010000Z,2022-03-23T19:39:02.325000Z,2022-03-23T19:48:51.548000Z,,1772,52BD9173,84,"English, Polish",20,Male,White,Poland,Poland,Poland,Polish,Yes,Part-Time
623b6fe68bb4d765baa5c18d,5d8346167ed176001888204d,APPROVED,2022-03-23T19:07:49.031000Z,2022-03-23T20:20:17.394000Z,2022-03-23T20:20:46.417000Z,,4349,52BD9173,633,"English, Spanish, Portuguese",37,Male,White,Portugal,Portugal,Portugal,Portuguese,No,Full-Time
623b7019c58addd02a71f9c7,5e89d0a17ec160000888ee98,APPROVED,2022-03-23T19:08:09.531000Z,2022-03-23T20:45:39.919000Z,2022-03-23T20:47:44.527000Z,,5851,52BD9173,910,"English, Portuguese",38,Male,White,United States,Portugal,United States,Portuguese,DATA_EXPIRED,Full-Time
623b7023988c00824678da47,5ea936e503a71a000af12d7b,APPROVED,2022-03-23T19:08:19.216000Z,2022-03-23T19:41:56.499000Z,2022-03-23T19:48:54.450000Z,,2018,52BD9173,517,"English, Polish, Russian, Ukrainian, German",26,Male,White,Poland,Poland,Poland,Polish,DATA_EXPIRED,Full-Time
623b702c5b94300d684479e7,5caccaed2f93d700157b4782,APPROVED,2022-03-23T19:09:15.211000Z,2022-03-23T20:18:10.222000Z,2022-03-23T20:20:45.050000Z,,4136,52BD9173,360,"Portuguese, English",25,Male,White,Portugal,Portugal,Portugal,Portuguese,No,Unemployed (and job seeking)
623b7046e6e515eddc70db4b,5f751b67f9a33b18498b9429,APPROVED,2022-03-23T19:08:54.538000Z,2022-03-23T20:36:31.261000Z,2022-03-23T20:39:07.191000Z,,5257,52BD9173,356,"English, Polish",23,Female,White,Poland,Poland,Poland,Polish,Yes,Part-Time
623b707c6e23e892fbd40bea,5e7a2fc429c35307d86105a1,APPROVED,2022-03-23T19:09:48.917000Z,2022-03-23T21:01:49.504000Z,2022-03-23T21:11:04.833000Z,,6721,52BD9173,529,"Italian, English",28,Male,White,Italy,Italy,Italy,Italian,Yes,Full-Time
623b70d633659734fe1fbb2e,5ef05cee60a444581ce3d0dd,APPROVED,2022-03-23T19:12:03.137000Z,2022-03-23T20:01:28.923000Z,2022-03-23T20:11:18.120000Z,,2966,52BD9173,251,"Polish, English",25,Male,White,Poland,Poland,Poland,Polish,No,Full-Time
623b70e7828a8ce1dd637570,60dca1012ab07b005628136f,REJECTED,2022-03-23T19:11:35.916000Z,2022-03-23T19:12:05.777000Z,2022-03-23T20:11:40.337000Z,,30,NOCODE,114,CONSENT_REVOKED,CONSENT_REVOKED,CONSENT_REVOKED,CONSENT_REVOKED,CONSENT_REVOKED,CONSENT_REVOKED,CONSENT_REVOKED,CONSENT_REVOKED,CONSENT_REVOKED,CONSENT_REVOKED
623b70e9703b2df6bcc92974,6169c0667a27823dc8059c88,APPROVED,2022-03-23T19:11:37.884000Z,2022-03-23T20:34:49.512000Z,2022-03-23T20:37:33.684000Z,,4992,52BD9173,244,"English, Hungarian",27,Male,White,DATA_EXPIRED,DATA_EXPIRED,DATA_EXPIRED,Hungarian,DATA_EXPIRED,DATA_EXPIRED
623b70f771c894e678042007,5df50a49a98a7a3924e4137e,APPROVED,2022-03-23T19:14:03.358000Z,2022-03-23T20:33:11.929000Z,2022-03-23T20:33:19.041000Z,,4749,52BD9173,670,"English, Portuguese",25,Male,White,Portugal,Portugal,Portugal,Portuguese,Yes,Other
623b710026a795cdf25d401f,60eeaf5456385a4e1e0e838d,REJECTED,2022-03-23T19:12:00.472000Z,2022-03-23T19:23:17.264000Z,2022-03-23T20:24:42.755000Z,,677,NOCODE,91,CONSENT_REVOKED,CONSENT_REVOKED,CONSENT_REVOKED,CONSENT_REVOKED,CONSENT_REVOKED,CONSENT_REVOKED,CONSENT_REVOKED,CONSENT_REVOKED,CONSENT_REVOKED,CONSENT_REVOKED
623b711afb553e5f6912b1a9,5f69e356d68b93020e622bf2,APPROVED,2022-03-23T19:12:26.589000Z,2022-03-23T20:20:07.063000Z,2022-03-23T20:20:42.781000Z,,4061,52BD9173,427,"Polish, English",21,Male,White,Poland,Poland,Poland,Polish,Yes,Other
623b713c454ef9de055675e5,6105b127cdbc9d4077b3bf98,APPROVED,2022-03-23T19:14:16.675000Z,2022-03-23T20:41:31.299000Z,2022-03-23T20:43:52.262000Z,,5235,52BD9173,95,"Afrikaans, English",24,Female,Mixed,South Africa,South Africa,South Africa,Afrikaans,No,Full-Time
623b71590490639254e022b4,60ccea5a5556abe9c0b13dff,APPROVED,2022-03-23T19:13:29.645000Z,2022-03-23T20:41:01.405000Z,2022-03-23T20:43:50.896000Z,,5252,52BD9173,197,English,25,Male,Black,South Africa,South Africa,South Africa,English,No,Full-Time
623b71616c803a5610b33315,61314fbda0ad57bb6d9d32b3,APPROVED,2022-03-23T19:13:55.969000Z,2022-03-23T20:29:11.603000Z,2022-03-23T20:30:41.474000Z,,4516,52BD9173,200,"Spanish, English",31,Female,Other,Mexico,Mexico,Mexico,Spanish,No,Unemployed (and job seeking)
623b716fdcc44ad521781337,60ba6031b6dde7c5b869bf74,APPROVED,2022-03-23T19:13:51.785000Z,2022-03-23T19:54:59.560000Z,2022-03-23T19:58:30.379000Z,,2468,52BD9173,126,"Portuguese, English",21,Male,White,Portugal,Portugal,Portugal,Portuguese,Yes,"Not in paid work (e.g. homemaker', 'retired or disabled)"
623b718fd9e41fb5494acf6d,614251a1db9a90395e5dab30,APPROVED,2022-03-23T19:14:44.518000Z,2022-03-23T20:47:38.925000Z,2022-03-23T20:47:42.595000Z,,5575,52BD9173,129,"Afrikaans, English",27,Female,Mixed,South Africa,South Africa,South Africa,English,No,Full-Time
623b71a31149539390916047,60ba46740472bd36868efcb0,APPROVED,2022-03-23T19:14:43.480000Z,2022-03-23T20:29:23.875000Z,2022-03-23T20:30:38.972000Z,,4481,52BD9173,273,"German, Greek, Spanish, English",25,Female,White,Greece,Greece,Greece,Greek,Yes,Due to start a new job within the next month
623b71a6cb4b316a3aaf93fa,613f59d7f0f631a278aca6e8,APPROVED,2022-03-23T19:18:05.093000Z,2022-03-23T20:13:39.721000Z,2022-03-23T20:13:45.397000Z,,3335,52BD9173,328,English,20,Female,Black,South Africa,South Africa,South Africa,English,Yes,"Not in paid work (e.g. homemaker', 'retired or disabled)"
623b71a764a8c465107a2b90,61700111739dcafe5af45f13,APPROVED,2022-03-23T19:14:59.703000Z,2022-03-23T20:26:33.179000Z,2022-03-23T20:30:36.508000Z,,4294,52BD9173,58,DATA_EXPIRED,DATA_EXPIRED,DATA_EXPIRED,DATA_EXPIRED,DATA_EXPIRED,DATA_EXPIRED,DATA_EXPIRED,DATA_EXPIRED,DATA_EXPIRED,DATA_EXPIRED
623b71b411b0b11aacfc098a,610696b760d7a00472462bb2,APPROVED,2022-03-23T19:18:53.124000Z,2022-03-23T19:56:22.461000Z,2022-03-23T19:58:23.732000Z,,2250,52BD9173,174,English,30,Male,Black,Nigeria,Poland,Nigeria,Afrikaans,DATA_EXPIRED,DATA_EXPIRED
623b71be2badd84a280a0ea8,615c82cd7a9be5aee38302b2,APPROVED,2022-03-23T19:15:10.906000Z,2022-03-23T19:55:58.642000Z,2022-03-23T19:58:29.011000Z,,2448,52BD9173,146,"Afrikaans, English, German",29,Female,Mixed,Zimbabwe,South Africa,Zimbabwe,English,DATA_EXPIRED,DATA_EXPIRED
623b71cc659a2804d91dda6c,61320873b568fa35a206c2b8,APPROVED,2022-03-23T19:15:27.847000Z,2022-03-23T20:16:22.870000Z,2022-03-23T20:17:03.784000Z,,3656,52BD9173,228,"English, Portuguese, Spanish",20,Male,White,Portugal,Portugal,Portugal,Portuguese,DATA_EXPIRED,Part-Time
623b71d8fa1b5a8f91a9a5ab,5e02931e814bbae142609c02,APPROVED,2022-03-23T19:15:41.777000Z,2022-03-23T20:29:17.717000Z,2022-03-23T20:30:34.750000Z,,4416,52BD9173,333,"English, Spanish",28,Female,White,Spain,Spain,Spain,Spanish,Yes,Part-Time
623b72081c987d6fdacbf0ff,60fef19b9c12d84b5a87fa1d,APPROVED,2022-03-23T19:16:24.426000Z,2022-03-23T19:51:59.873000Z,2022-03-23T19:58:28.207000Z,,2136,52BD9173,201,"Polish, English",24,Female,White,Poland,Poland,Poland,Polish,No,Full-Time
623b720cc6a1b7451a960ddf,60f8ad596f73b24de783aab7,APPROVED,2022-03-23T19:16:59.385000Z,2022-03-24T03:43:10.080000Z,2022-03-24T03:43:10.249000Z,,30371,Manual Completion,255,"Spanish, English",21,Female,Other,Mexico,Mexico,Mexico,Spanish,Yes,Unemployed (and job seeking)
623b7220a24a8084e6796161,60204458e6a42863349abc9f,APPROVED,2022-03-23T19:17:06.790000Z,2022-03-23T19:54:51.337000Z,2022-03-23T19:58:27.692000Z,,2265,52BD9173,464,"Portuguese, English",25,Male,White,Portugal,Portugal,Portugal,Portuguese,Yes,Other
623b727178d7de470f18c35e,5da8912f5a994b001650f01f,APPROVED,2022-03-23T19:22:37.969000Z,2022-03-23T20:04:46.515000Z,2022-03-23T20:10:01.244000Z,,2529,52BD9173,477,"Portuguese, English, French, Spanish",41,Male,White,Portugal,Portugal,Portugal,Portuguese,No,Full-Time
623b7277cf6b117334776309,5efb4b33c7a6250848455390,APPROVED,2022-03-23T19:18:15.480000Z,2022-03-23T20:39:44.576000Z,2022-03-23T20:43:47.511000Z,,4890,52BD9173,197,"English, Italian, Spanish",30,Male,White,Argentina,Hungary,Argentina,Spanish,DATA_EXPIRED,DATA_EXPIRED
623b72920b1607e4c7e34039,5fa976c94762931338a445e3,APPROVED,2022-03-23T19:18:42.226000Z,2022-03-23T19:55:20.985000Z,2022-03-23T19:58:26.189000Z,,2199,52BD9173,313,"Polish, English",26,Female,White,Poland,Poland,Poland,Polish,No,Full-Time
623b72a19c5cb84c8f4899e3,5f439781d850b5045ffb4af2,APPROVED,2022-03-23T19:19:53.918000Z,2022-03-23T19:50:36.496000Z,2022-03-23T19:58:24.728000Z,,1843,45E1DA22,377,Polish,23,Male,White,Poland,Poland,Poland,Polish,No,Unemployed (and job seeking)
623b72e0fb6707e7e9ff214c,609bfd97a7c95881330491d4,APPROVED,2022-03-23T19:20:00.175000Z,2022-03-23T20:09:04.939000Z,2022-03-23T20:10:10.358000Z,,2945,52BD9173,433,"English, Polish, German, French",29,Male,White,Poland,Poland,Poland,Polish,No,Other
623b72ea2ba9a4de644eadd3,605bb2d399a81480f9f2bd01,APPROVED,2022-03-23T19:20:15.956000Z,2022-03-23T19:47:45.886000Z,2022-03-23T19:48:42.286000Z,,1650,52BD9173,142,"English, Portuguese, Spanish",27,Female,White,Portugal,Portugal,Portugal,Portuguese,Yes,"Not in paid work (e.g. homemaker', 'retired or disabled)"
623b72f9c55c548346729ff2,5fbbf3f438be4c025df6cdd4,APPROVED,2022-03-23T19:20:39.244000Z,2022-03-23T20:02:53.256000Z,2022-03-23T20:10:06.231000Z,,2535,52BD9173,429,"Italian, English",30,Male,White,Italy,Italy,Italy,Italian,Yes,Part-Time
623b730212904d8370804490,613a4bd6e4259b64db005489,APPROVED,2022-03-23T19:20:34.101000Z,2022-03-23T20:04:36.889000Z,2022-03-23T20:10:07.482000Z,,2643,52BD9173,242,"Spanish, English",25,Male,Mixed,Mexico,Mexico,Mexico,Spanish,Yes,Full-Time
623b731b40e91687efc7640f,6147c45e2fd30e98355c1e52,APPROVED,2022-03-23T19:20:59.085000Z,2022-03-23T19:52:50.234000Z,2022-03-23T19:58:22.579000Z,,1912,52BD9173,363,"Catalan, English, Spanish",26,Male,White,Spain,Spain,Spain,Spanish,No,Unemployed (and job seeking)
623b7348333f00557eb9c3d1,60fad4e902fc2dbdc07d0f91,APPROVED,2022-03-23T19:21:50.666000Z,2022-03-23T19:46:53.284000Z,2022-03-23T19:48:39.140000Z,,1503,52BD9173,37,"Portuguese, English",24,Female,White,Portugal,Portugal,Portugal,Portuguese,DATA_EXPIRED,DATA_EXPIRED
623b7351eee57a3337a51b90,5fd7a37c8fe426000a124121,APPROVED,2022-03-23T19:21:53.182000Z,2022-03-23T21:05:29.723000Z,2022-03-23T21:05:41.997000Z,,6217,52BD9173,162,DATA_EXPIRED,DATA_EXPIRED,DATA_EXPIRED,DATA_EXPIRED,DATA_EXPIRED,DATA_EXPIRED,DATA_EXPIRED,DATA_EXPIRED,DATA_EXPIRED,DATA_EXPIRED
623b73828818bea34f23f939,5bd47bddf00299000168122e,APPROVED,2022-03-23T19:23:01.069000Z,2022-03-23T20:30:24.648000Z,2022-03-23T20:30:31.760000Z,,4044,52BD9173,681,"English, Polish, German",36,Male,White,Poland,Poland,Poland,Polish,No,Full-Time
623b738bea6b0207c760e897,5d00bb3b51669b000136a986,APPROVED,2022-03-23T19:22:51.863000Z,2022-03-23T20:16:46.396000Z,2022-03-23T20:37:20.280000Z,,3235,52BD9173,774,"Slovenian, Polish, Russian, Czech, English",41,Male,White,Poland,Poland,Poland,Polish,No,Full-Time
623b73a29ca80f1912bac51d,5de42a01a7cb2401ccc682c3,APPROVED,2022-03-23T19:23:14.223000Z,2022-03-23T19:57:38.842000Z,2022-03-23T19:58:21.223000Z,,2065,52BD9173,592,"English, Polish",33,Male,White,Poland,Poland,Poland,Polish,No,Full-Time
623b73c4d3bc9d55f98d8529,5f6e0be76cea482e27d38c95,APPROVED,2022-03-23T19:23:57.733000Z,2022-03-23T20:04:08.482000Z,2022-03-23T20:09:57.660000Z,,2411,52BD9173,425,"English, Polish, German",21,Male,White,Poland,Poland,Poland,Polish,No,Full-Time
623b74ae9b8f83070029cc27,5c74379e4bf96800013d2baf,APPROVED,2022-03-23T19:27:42.244000Z,2022-03-23T20:21:25.173000Z,2022-03-23T20:30:23.871000Z,,3223,52BD9173,558,"English, Finnish, Russian, Spanish, Swedish, Estonian, German",45,Female,White,Estonia,Estonia,Estonia,Estonian,No,Part-Time
623b753d5b7b7e65dedb33ab,5d70ec2138ac7e00012f817b,APPROVED,2022-03-23T19:30:09.418000Z,2022-03-23T20:08:28.620000Z,2022-03-23T20:09:56.417000Z,,2300,52BD9173,606,"Portuguese, English",24,Male,White,Portugal,Portugal,Portugal,Portuguese,No,Full-Time
623b754d264bf9a3e3c438db,60b92000a06b6bdf0115d983,APPROVED,2022-03-23T19:30:21.266000Z,2022-03-23T19:58:22.826000Z,2022-03-23T19:58:31.330000Z,,1682,52BD9173,369,"Portuguese, Spanish, English",21,Female,White,Portugal,Portugal,Portugal,Portuguese,Yes,Part-Time
623b75b09db14908641510d2,5f05f1b685012f012ed7520d,APPROVED,2022-03-23T19:33:00.726000Z,2022-03-23T20:00:07.761000Z,2022-03-23T20:00:10.979000Z,,1628,52BD9173,337,"Polish, English",22,Female,White,Poland,Poland,Poland,Polish,Yes,Unemployed (and job seeking)
623b75d9ad6f606f22b9388e,5d470e24c46fcd001a238820,APPROVED,2022-03-23T19:32:43.336000Z,2022-03-23T19:55:59.895000Z,2022-03-23T19:58:19.761000Z,,1397,52BD9173,494,"Greek, English",36,Male,White,Greece,Greece,Greece,Greek,No,Full-Time
623b7638a2f222e24e56f11f,5eaabaabde4724000969d4d1,APPROVED,2022-03-23T19:35:53.533000Z,2022-03-23T20:11:03.694000Z,2022-03-23T20:13:43.847000Z,,2111,52BD9173,191,"English, Greek",26,Male,White,Greece,Greece,Greece,Greek,No,Unemployed (and job seeking)
623b7645a840a5a16514fd39,5c86d4f7d7c01f001660d938,APPROVED,2022-03-23T19:34:29.590000Z,2022-03-23T20:49:21.581000Z,2022-03-23T20:55:17.184000Z,,4492,52BD9173,551,English,28,Male,White,Poland,Poland,Poland,Polish,No,Full-Time
623b768e6c85874ed54fea89,5d2bba2bc22768001766cebb,APPROVED,2022-03-23T19:35:52.262000Z,2022-03-23T20:25:44.384000Z,2022-03-23T20:37:14.808000Z,,2993,52BD9173,245,DATA_EXPIRED,DATA_EXPIRED,DATA_EXPIRED,DATA_EXPIRED,DATA_EXPIRED,DATA_EXPIRED,DATA_EXPIRED,DATA_EXPIRED,DATA_EXPIRED,DATA_EXPIRED
623b786b7960fcfd3b94ca59,6176966806de000024ed0ddf,APPROVED,2022-03-23T19:43:42.132000Z,2022-03-23T20:30:33.843000Z,2022-03-23T20:34:30.768000Z,,2812,52BD9173,475,"English, French, Italian, Polish, Spanish",26,Female,White,Poland,Poland,Poland,Polish,No,Part-Time
623b78959dec2659bc284525,607728dc0b4f8590b94ae57c,APPROVED,2022-03-23T19:44:23.337000Z,2022-03-23T20:07:23.816000Z,2022-03-23T20:09:47.883000Z,,1381,52BD9173,621,"English, Spanish",31,Male,White,Chile,Chile,Chile,Spanish,No,Part-Time
623b78d8a1c11fe598f5a8d2,5f3aee04e30eac7cb73b416e,APPROVED,2022-03-23T19:45:28.083000Z,2022-03-23T20:39:05.422000Z,2022-03-23T20:43:38.428000Z,,3218,52BD9173,663,"English, French, German, Italian, Polish",25,Male,White,Poland,Poland,Poland,Polish,No,Full-Time
623b78e8f1d3aad368e946bd,5dd25456cc192027096069bb,APPROVED,2022-03-23T19:45:49.613000Z,2022-03-23T20:31:59.182000Z,2022-03-23T20:34:32.688000Z,,2770,52BD9173,629,"English, Polish",25,Female,White,Poland,Poland,Poland,Polish,Yes,Full-Time
623b799979874f4bb8d41464,603fc30024a4160d72b0f1b8,APPROVED,2022-03-23T19:52:34.569000Z,2022-03-23T20:16:21.306000Z,2022-03-23T20:16:57.162000Z,,1427,52BD9173,243,"English, Estonian",25,Female,White,Estonia,Estonia,Estonia,Estonian,DATA_EXPIRED,DATA_EXPIRED
623b79c5bf451589be2bcb90,60fe7c857e049641f422a6f4,APPROVED,2022-03-23T19:53:41.058000Z,2022-03-23T20:32:26.650000Z,2022-03-23T20:35:36.404000Z,,2326,52BD9173,510,English,30,Female,Asian,South Africa,South Africa,South Africa,English,No,Full-Time
623b800d34a8e55f9f6a3ffb,6112cf0b9c1cf4219c5c2675,APPROVED,2022-03-23T20:16:16.242000Z,2022-03-23T20:38:58.206000Z,2022-03-23T20:43:40.513000Z,,1362,52BD9173,338,"English, Spanish",24,Female,White,Spain,Spain,Spain,Spanish,Yes,Other
623b806ec5661d7c57aa71ae,610cda1332fb63830158c55d,APPROVED,2022-03-23T20:17:50.629000Z,2022-03-23T20:50:42.056000Z,2022-03-23T20:55:15.992000Z,,1972,52BD9173,777,"English, Polish",21,Male,White,Poland,Poland,Poland,Polish,DATA_EXPIRED,DATA_EXPIRED
623b820ce7dff552d3daee37,5ea6e7dff5d217088a20deb0,APPROVED,2022-03-23T20:24:44.645000Z,2022-03-23T21:57:24.749000Z,2022-03-24T12:35:46.942000Z,,5561,52BD9173,526,"Czech, English",39,Male,White,Czech Republic,Czech Republic,Czech Republic,Czech,DATA_EXPIRED,DATA_EXPIRED
623b8217f2fb6a54c0068c95,5cdc88cc50f50f001a783112,APPROVED,2022-03-23T20:24:55.368000Z,2022-03-23T20:55:30.577000Z,2022-03-23T20:55:35.109000Z,,1836,52BD9173,846,"Polish, French, English",31,Male,White,Poland,Poland,Poland,Polish,DATA_EXPIRED,Full-Time
623b82235c8c4ff73b5ed062,5f600669b846780f0fe45709,APPROVED,2022-03-23T20:25:07.054000Z,2022-03-23T21:11:13.519000Z,2022-03-23T21:11:20.760000Z,,2767,52BD9173,785,"Greek, English",33,Male,White,Greece,Greece,Greece,Greek,No,Part-Time
623b822e564553fbf0f226ec,6078c09f59a6578a3940abc1,APPROVED,2022-03-23T20:25:42.930000Z,2022-03-23T20:55:09.863000Z,2022-03-23T20:55:14.888000Z,,1767,52BD9173,396,"English, Portuguese, Spanish",26,Male,White,Portugal,Portugal,Portugal,Portuguese,No,Full-Time
623b823ff2fb6a54c0068c99,5c377642bc6444000133aae9,APPROVED,2022-03-23T20:25:49.459000Z,2022-03-23T21:15:23.635000Z,2022-03-24T12:35:45.866000Z,,2975,52BD9173,2030,English,62,Male,White,United Kingdom,United Kingdom,United Kingdom,English,No,Full-Time
623b824e41902ff83d5328c1,5f9aba6600cdf11f1c9b915c,APPROVED,2022-03-23T20:25:50.299000Z,2022-03-23T21:02:39.526000Z,2022-03-23T21:13:20.073000Z,,2210,52BD9173,1136,"English, German, Polish, Portuguese, Russian",27,Male,White,Poland,Poland,Poland,Polish,DATA_EXPIRED,DATA_EXPIRED
623b825665550b23c5435ccd,603d0e0e5b0386b034e93bf5,APPROVED,2022-03-23T20:27:08.508000Z,2022-03-23T20:59:45.300000Z,2022-03-23T21:01:31.909000Z,,1957,52BD9173,548,"English, Italian",26,Female,White,Italy,Italy,Italy,Italian,Yes,Other
623b837e7986e70eadf34980,5d67b6d92b7448000173d95a,APPROVED,2022-03-23T20:31:00.293000Z,2022-03-23T21:02:34.928000Z,2022-03-23T21:04:35.216000Z,,1895,52BD9173,889,"Spanish, English",40,Male,Mixed,Spain,Spain,Spain,Spanish,No,Full-Time
623b83931cfe72922e267923,61085d59c7112d2f97f1f52a,APPROVED,2022-03-23T20:31:15.463000Z,2022-03-23T20:46:09.415000Z,2022-03-23T20:46:50.494000Z,,894,52BD9173,260,"English, Hungarian",21,Female,White,Hungary,Hungary,Hungary,Hungarian,Yes,Unemployed (and job seeking)
623b83dd7bc0045940eb38c7,5dece7c319398a3a97c00c8f,APPROVED,2022-03-23T20:32:33.134000Z,2022-03-23T21:06:12.609000Z,2022-03-23T21:11:04.576000Z,,2020,52BD9173,238,"English, Greek",39,Female,White,Greece,Greece,Greece,Greek,No,DATA_EXPIRED
623b8506b084b51cc75ad9ea,5f97e6601f6d0e016087fc91,APPROVED,2022-03-23T20:37:26.784000Z,2022-03-23T21:03:52.717000Z,2022-03-23T21:04:32.696000Z,,1586,52BD9173,982,"English, Polish, German",29,Male,White,Poland,Poland,Poland,Polish,DATA_EXPIRED,DATA_EXPIRED
623b85b187e1d55897c5e820,602d29200724e36ae7a9def2,APPROVED,2022-03-23T20:45:19.759000Z,2022-03-23T21:34:55.505000Z,2022-03-24T12:35:38.457000Z,,2976,52BD9173,677,"Chinese, English, French, Spanish, Arabic",38,DATA_EXPIRED,DATA_EXPIRED,DATA_EXPIRED,Canada,DATA_EXPIRED,French,DATA_EXPIRED,DATA_EXPIRED
623b85bca77e1948f55867ec,60b3c18c87ad2313ca5f68a5,APPROVED,2022-03-23T20:42:26.161000Z,2022-03-23T21:23:32.879000Z,2022-03-24T12:35:41.757000Z,,2467,52BD9173,182,"English, Italian, Portuguese, Spanish",23,Female,White,Brazil,Portugal,Brazil,Portuguese,Yes,Full-Time
623b85c867fadf25d6f231c9,5c87d68fe5bc060001ee8498,APPROVED,2022-03-23T20:40:47.640000Z,2022-03-23T21:39:12.370000Z,2022-03-24T12:35:43.928000Z,,3505,52BD9173,617,"English, Greek",30,Male,White,Greece,Greece,Greece,Greek,No,Unemployed (and job seeking)
623b860a8ab0164daf4a3fe2,610cce8481877ceb0f349b2c,APPROVED,2022-03-23T20:41:50.136000Z,2022-03-23T21:23:18.871000Z,2022-03-24T12:35:42.662000Z,,2489,52BD9173,252,English,31,Female,Mixed,Zimbabwe,South Africa,Zimbabwe,English,DATA_EXPIRED,DATA_EXPIRED
623b8635b980f7a517459d47,5ff4a242cbe069bc27d9278b,APPROVED,2022-03-23T20:42:29.675000Z,2022-03-23T21:01:37.696000Z,2022-03-23T21:04:29.509000Z,,1149,52BD9173,876,"English, Italian",46,Male,White,Italy,Italy,Italy,Italian,No,Full-Time
623b8654e1f09eb7e00e2cee,5c0333c84e1b7b00016a83fd,APPROVED,2022-03-23T20:43:44.919000Z,2022-03-23T21:20:17.797000Z,2022-03-24T12:35:39.963000Z,,2193,52BD9173,510,"English, Portuguese",24,Male,White,Portugal,Portugal,Portugal,Portuguese,Yes,Part-Time
623b8796c4631c114a52100a,5bdf91dbb32fa800012ea282,APPROVED,2022-03-23T20:48:31.348000Z,2022-03-23T21:58:28.994000Z,2022-03-24T12:35:37.280000Z,,4198,52BD9173,1096,"Spanish, English",48,Male,White,Mexico,Mexico,Mexico,Spanish,No,Full-Time
623b87ab646290143a630e3b,61717173748006894b2b54ff,APPROVED,2022-03-23T20:49:05.181000Z,2022-03-23T21:06:39.277000Z,2022-03-23T21:11:03.553000Z,,1055,52BD9173,584,"Hungarian, English",19,Male,White,Hungary,Hungary,Hungary,Hungarian,No,Full-Time
623b8915c2c7f5231d6db874,60290c574980dd7f8e378b84,APPROVED,2022-03-23T20:54:52.429000Z,2022-03-23T21:18:54.606000Z,2022-03-24T12:35:36.249000Z,,1443,52BD9173,509,"Italian, English",31,Male,White,Italy,Italy,Italy,Italian,No,Unemployed (and job seeking)
623b89a9bf19557cc3c919d3,60a37b4e514b606e0a822a0c,APPROVED,2022-03-23T20:57:24.244000Z,2022-03-23T21:42:30.648000Z,2022-03-24T12:35:35.093000Z,,2707,52BD9173,658,"English, French, Italian, Spanish",33,Male,White,Italy,Italy,Italy,Italian,Yes,Full-Time
623b8a29d222efb9055c7711,60eccd4d9b4a0c1f4ab919a4,APPROVED,2022-03-23T21:00:23.721000Z,2022-03-23T22:00:54.413000Z,2022-03-24T12:35:06.247000Z,,3631,52BD9173,346,English,26,Female,Black,South Africa,South Africa,South Africa,English,No,Full-Time
623b8a51b597fb76f0edf1db,617305abc8cde4cf0e08255b,APPROVED,2022-03-23T21:00:17.889000Z,2022-03-23T21:43:59.850000Z,2022-03-24T12:35:10.189000Z,,2622,52BD9173,630,"English, Spanish, Galician",35,Female,White,Spain,Spain,Spain,Spanish,No,Full-Time
623b8a528f4ef54ae957f0bf,612ba6c594a6d54154a88ae7,APPROVED,2022-03-23T21:00:02.417000Z,2022-03-24T03:41:02.712000Z,2022-03-24T03:41:02.879000Z,,24061,Manual Completion,762,"English, Polish",22,Female,White,Poland,Poland,Poland,Polish,DATA_EXPIRED,DATA_EXPIRED
623b8a52caa51c1ffdcb25d7,5d6e3252dfe6d10001dbe508,APPROVED,2022-03-23T21:00:09.915000Z,2022-03-23T21:45:13.656000Z,2022-03-24T12:35:28.701000Z,,2704,52BD9173,877,"English, Polish",27,Male,White,Poland,Poland,Poland,Polish,Yes,Full-Time
623b8a53c80228fc0282266a,60b8db5feb283b86cce8de9f,APPROVED,2022-03-23T21:00:22.055000Z,2022-03-23T21:16:19.402000Z,2022-03-24T12:35:07.518000Z,,958,52BD9173,549,"English, Hungarian",31,Male,White,Hungary,Hungary,Hungary,Hungarian,No,Unemployed (and job seeking)
623b8a55f4d0f1099baa861d,608fdbc4196e5708ed3f291a,APPROVED,2022-03-23T21:01:57.606000Z,2022-03-23T21:35:32.548000Z,2022-03-23T22:07:31.792000Z,,2015,52BD9173,511,English,29,Female,White,United Kingdom,United Kingdom,United Kingdom,English,No,Full-Time
623b8a55f75249f59cfe0662,60b8b5dcb46db8ae98d0b047,APPROVED,2022-03-23T21:00:57.386000Z,2022-03-23T22:36:03.177000Z,2022-03-24T12:34:58.284000Z,,5706,52BD9173,402,"Portuguese, English, Spanish",25,Female,White,Portugal,Portugal,Portugal,Portuguese,No,Full-Time
623b8a569749bf9ab889283d,613a972033d79df11a6570de,APPROVED,2022-03-23T21:04:18.158000Z,2022-03-23T21:53:44.156000Z,2022-03-23T22:07:24.594000Z,,2966,52BD9173,627,"English, Spanish",36,Female,Mixed,Mexico,Mexico,Mexico,Spanish,No,Unemployed (and job seeking)
623b8a5740bc0d50f8bd11cb,608ee492d63622f9f4d5306f,APPROVED,2022-03-23T21:01:52.223000Z,2022-03-23T21:39:38.276000Z,2022-03-23T22:07:41.014000Z,,2267,52BD9173,710,English,53,Female,White,United Kingdom,United Kingdom,United Kingdom,English,No,Full-Time
623b8a579729409dfe6fc7d4,60a90be1be2d42fba2368523,APPROVED,2022-03-23T21:00:17.332000Z,2022-03-23T22:41:25.429000Z,2022-03-24T12:35:11.439000Z,,6069,52BD9173,126,DATA_EXPIRED,DATA_EXPIRED,DATA_EXPIRED,DATA_EXPIRED,DATA_EXPIRED,DATA_EXPIRED,DATA_EXPIRED,DATA_EXPIRED,DATA_EXPIRED,DATA_EXPIRED
623b8a57f2f367e3c1c4ba7c,60aa817bc03dba2890522f2f,APPROVED,2022-03-23T21:00:07.897000Z,2022-03-23T21:21:14.863000Z,2022-03-24T12:35:30.626000Z,,1267,52BD9173,591,English,31,Female,White,United Kingdom,United Kingdom,United Kingdom,English,Yes,DATA_EXPIRED
623b8a586ed6a3e1433430ff,614e29c6c79d67514a1c82cc,APPROVED,2022-03-23T21:10:01.083000Z,2022-03-23T21:51:38.532000Z,2022-03-23T22:06:10.931000Z,,2498,52BD9173,160,English,23,Female,Black,South Africa,South Africa,South Africa,English,No,Full-Time
623b8a5977d7d76dd7bbb68f,60087c6addbcfc204e8441cf,APPROVED,2022-03-23T21:00:09.026000Z,2022-03-23T22:02:59.011000Z,2022-03-24T12:35:29.568000Z,,3770,52BD9173,226,"English, Portuguese",26,Female,White,Portugal,Portugal,Portugal,Portuguese,No,Unemployed (and job seeking)
623b8a59ce984fb154309736,6146385561e8f95ff4f3b5d6,APPROVED,2022-03-23T21:00:47.564000Z,2022-03-23T21:30:56.782000Z,2022-03-23T22:09:29.079000Z,,1810,52BD9173,151,"Polish, English",21,Male,White,Poland,Poland,Poland,Polish,No,Unemployed (and job seeking)
623b8a59d88774de1b8961db,5cfecc1e96681500168a1799,APPROVED,2022-03-23T21:00:11.398000Z,2022-03-23T21:45:34.323000Z,2022-03-24T12:35:23.653000Z,,2723,52BD9173,2371,English,26,Male,Asian,United States,United States,United States,English,No,Full-Time
623b8a59ff2b04300586d585,5fab1794de044c5cf5183131,APPROVED,2022-03-23T21:00:18.211000Z,2022-03-23T21:39:14.016000Z,2022-03-23T22:09:51.566000Z,,2336,52BD9173,229,DATA_EXPIRED,DATA_EXPIRED,DATA_EXPIRED,DATA_EXPIRED,DATA_EXPIRED,DATA_EXPIRED,DATA_EXPIRED,DATA_EXPIRED,DATA_EXPIRED,DATA_EXPIRED
623b8a5a1d2efe6769326595,60202d68011c8361c8754240,APPROVED,2022-03-23T21:00:13.780000Z,2022-03-23T21:21:33.859000Z,2022-03-24T12:35:19.570000Z,,1281,52BD9173,349,"Portuguese, English, French",25,Male,White,Portugal,Portugal,Portugal,Portuguese,DATA_EXPIRED,DATA_EXPIRED
623b8a5a42a0154459029574,6089cd0a1c1541c29bb34c73,APPROVED,2022-03-23T21:00:49.125000Z,2022-03-23T21:35:51.716000Z,2022-03-24T12:35:01.106000Z,,2103,52BD9173,816,"Arabic, French, English, Spanish",31,Male,White,Algeria,Spain,Algeria,French,DATA_EXPIRED,DATA_EXPIRED
623b8a5a903778c056bbddbc,5c37be1aa9872700014c6c80,APPROVED,2022-03-23T21:00:51Z,2022-03-23T21:23:41.663000Z,2022-03-24T12:34:59.873000Z,,1371,52BD9173,432,"Danish, English",34,Male,White,Denmark,Denmark,Denmark,Danish,No,Full-Time
623b8a5aeeebe7b83deabde0,56b78f11e77ebe000cbefe79,APPROVED,2022-03-23T21:00:10.381000Z,2022-03-23T22:00:53.985000Z,2022-03-24T12:35:25.845000Z,,3644,52BD9173,3532,English,57,Female,White,United Kingdom,United Kingdom,United Kingdom,English,No,Full-Time
623b8a5af9f63d071d29ab9b,611bb2a6d9678117db737236,APPROVED,2022-03-23T21:00:14.778000Z,2022-03-23T21:18:28.211000Z,2022-03-24T12:35:17.268000Z,,1094,52BD9173,463,"Catalan, English, Spanish",23,Male,White,Spain,Spain,Spain,Catalan,No,Full-Time
623b8a5ba84c705390a35062,5dab6e7d80e1780016d5bc9b,APPROVED,2022-03-23T21:00:11.347000Z,2022-03-23T21:46:41.784000Z,2022-03-24T12:35:24.515000Z,,2791,52BD9173,490,"Italian, English",23,Female,White,Italy,Italy,Italy,Italian,Yes,Part-Time
623b8a5be6a2c0a362965d89,558fa9dffdf99b7ce2924662,APPROVED,2022-03-23T21:00:45.744000Z,2022-03-23T21:22:09.907000Z,2022-03-24T12:35:02.237000Z,,1285,52BD9173,800,"English, Hindi",37,Male,Asian,India,France,India,English,No,Full-Time
623b8a5bf6950baeb576f2ae,5ccb5998497962001677b39b,APPROVED,2022-03-23T21:00:14.433000Z,2022-03-23T21:11:16.054000Z,2022-03-23T21:11:17.125000Z,,662,52BD9173,450,English,32,Female,White,United Kingdom,United Kingdom,United Kingdom,English,No,Part-Time
623b8a5c515caf7a0c10d3af,61bb36cf40db417c1a138920,APPROVED,2022-03-23T21:00:12.648000Z,2022-03-23T21:25:31.934000Z,2022-03-24T12:35:21.998000Z,,1520,52BD9173,451,"English, Macedonian, Serbian, Polish",44,Female,White,Macedonia,United Kingdom,Macedonia,Macedonian,No,DATA_EXPIRED
623b8a5cf6950baeb576f2b0,616c0d909437f5fb6fcc4049,APPROVED,2022-03-23T21:00:39.553000Z,2022-03-23T21:25:54.244000Z,2022-03-24T12:35:03.941000Z,,1515,52BD9173,359,"Tagalog-Filipino, English",27,Female,Asian,Philippines,United Kingdom,United Kingdom,Tagalog-Filipino,DATA_EXPIRED,DATA_EXPIRED
623b8a5cfb7a620a1760fd0d,60979b540a2cf2468fde514b,APPROVED,2022-03-23T21:00:56.845000Z,2022-03-23T21:37:52.876000Z,2022-03-23T22:08:36.874000Z,,2217,52BD9173,982,English,50,Female,White,United Kingdom,United Kingdom,United Kingdom,English,DATA_EXPIRED,Part-Time
623b8a5d965672865e2cc6ec,617139bdf6dbf9169a30ad3a,APPROVED,2022-03-23T21:00:13.145000Z,2022-03-23T21:26:27.835000Z,2022-03-24T12:35:20.883000Z,,1575,52BD9173,452,"English, Spanish, French",28,Male,DATA_EXPIRED,Spain,Spain,Spain,Spanish,DATA_EXPIRED,DATA_EXPIRED
623b8a5df6950baeb576f2b2,5e2720de173db496168318c6,APPROVED,2022-03-23T21:09:42.212000Z,2022-03-23T21:41:19.929000Z,2022-03-23T22:06:58.363000Z,,1898,52BD9173,263,"English, Polish",25,Male,White,Poland,Poland,Poland,Polish,DATA_EXPIRED,DATA_EXPIRED
623b8a5f060557159308ac1e,614014b19c0f71d80ec584a0,APPROVED,2022-03-23T21:00:15.408000Z,2022-03-23T21:24:49.066000Z,2022-03-24T12:35:15.642000Z,,1474,52BD9173,118,"Spanish, English, Polish",21,Female,Other,Mexico,Mexico,Mexico,Spanish,Yes,Unemployed (and job seeking)
623b8a5f394b44eab57edecd,610063b7b50c4e9488e77eca,APPROVED,2022-03-23T21:00:26.812000Z,2022-03-23T21:20:43.870000Z,2022-03-24T12:35:04.845000Z,,1218,52BD9173,317,"Belarusian, English, French, Italian, German, Polish, Spanish, Ukrainian, Russian",23,Female,White,Poland,Poland,Poland,Polish,Yes,Part-Time
623b8a5fb97cb4fecc315586,5ea1965fc546e204bb568292,APPROVED,2022-03-23T21:00:15.590000Z,2022-03-23T21:38:41.482000Z,2022-03-24T12:35:13.984000Z,,2306,52BD9173,538,"English, Italian, French",32,Male,White,Italy,Italy,Italy,Italian,No,Full-Time
623b8a607c9c52cc395dfd75,5968b8040e679d0001fabd89,APPROVED,2022-03-23T21:00:16.081000Z,2022-03-23T21:43:13.222000Z,2022-03-24T12:35:12.638000Z,,2578,52BD9173,825,"English, Portuguese",41,Male,White,Portugal,Portugal,Portugal,Portuguese,No,Full-Time
623b8a6626d5fba0b8fdc470,5d1e4a3ed4b9d60001ec8f1c,APPROVED,2022-03-23T21:00:22.644000Z,2022-03-23T21:34:03.319000Z,2022-03-24T12:35:06.707000Z,,2021,52BD9173,800,"English, French, Russian, Hebrew",46,Male,White,Kazakhstan,Israel,Israel,English,No,Full-Time
623b8a82b97cb4fecc315589,60d33b6571caa14347a61558,APPROVED,2022-03-23T21:00:52.194000Z,2022-03-23T21:18:32.156000Z,2022-03-23T22:08:43.232000Z,,1060,52BD9173,173,"English, French, Portuguese",21,Male,White,Portugal,Portugal,Portugal,Portuguese,Yes,Full-Time
623b8aa3fef236c9236f58d2,5ed377271691ea000c548cb0,APPROVED,2022-03-23T21:01:41.644000Z,2022-03-23T21:45:55.054000Z,2022-03-23T22:08:02.294000Z,,2654,52BD9173,1399,"English, Greek, French",62,Female,White,Italy,Greece,United States,English,No,Full-Time
623b8c5b888016db1ef7bf2b,5e75e37c0a52831469c2eb53,APPROVED,2022-03-23T21:08:43.339000Z,2022-03-23T21:27:25.255000Z,2022-03-23T22:07:17.797000Z,,1122,52BD9173,668,"Lithuanian, English",29,Male,White,Lithuania,Spain,Lithuania,Lithuanian,Yes,Full-Time
623b8c5da81f119af35206e4,60c048ca962103e0da201a34,APPROVED,2022-03-23T21:08:45.854000Z,2022-03-23T21:55:36.660000Z,2022-03-23T22:07:07.101000Z,,2811,52BD9173,754,English,39,Female,White,United Kingdom,South Africa,United Kingdom,English,No,Full-Time
623b8c5ed533195b1a3ef8ad,61254c5a6facc8ed023a64de,APPROVED,2022-03-23T21:10:53.284000Z,2022-03-23T21:46:15.689000Z,2022-03-23T22:05:54.229000Z,,2123,52BD9173,573,"Polish, English",28,Male,White,Poland,Poland,Poland,Polish,No,Full-Time
623b8c5f035674146857b7f7,615edbdae7feeb515b7f2a79,APPROVED,2022-03-23T21:09:55.290000Z,2022-03-23T21:32:15.270000Z,2022-03-23T22:06:46.791000Z,,1340,52BD9173,294,"English, Polish",35,Female,White,Poland,Poland,Poland,Polish,No,Full-Time
623b8c5f77a42455309945ca,5c97e7136825d900019b9fb8,APPROVED,2022-03-23T21:13:09.367000Z,2022-03-23T22:02:46.620000Z,2022-03-23T22:06:35.804000Z,,2978,52BD9173,467,"English, Polish, German",37,Male,White,United Kingdom,Poland,Poland,English,DATA_EXPIRED,DATA_EXPIRED
623b8c60afa4dcc15a6bd42c,5a46d551b77a5000014a8ce9,APPROVED,2022-03-23T21:13:17.095000Z,2022-03-23T21:33:15.827000Z,2022-03-23T22:05:31.332000Z,,1199,52BD9173,1250,"English, Japanese",25,Female,White,United Kingdom,United Kingdom,Ireland,English,Yes,Full-Time
623b8dc3bef4669499fc75e2,617406fbfced12169896d158,APPROVED,2022-03-23T21:15:22.341000Z,2022-03-23T22:27:32.222000Z,2022-03-24T03:41:58.320000Z,,4330,52BD9173,1097,English,58,Female,White,United Kingdom,United Kingdom,United Kingdom,English,Yes,"Not in paid work (e.g. homemaker', 'retired or disabled)"
623b8eceb1fca0cb37d91b7b,60f801efc0846c47e4e755e6,APPROVED,2022-03-23T21:19:10.980000Z,2022-03-23T21:51:20.400000Z,2022-03-23T22:05:14.234000Z,,1930,52BD9173,399,"Afrikaans, English",22,Male,Mixed,South Africa,South Africa,South Africa,English,Yes,Unemployed (and job seeking)
623b9da51ba134d35616dfe7,61260e2741183100f61d0382,APPROVED,2022-03-23T22:22:31.433000Z,2022-03-23T22:53:23.942000Z,2022-03-24T12:34:50.447000Z,,1853,52BD9173,296,"Portuguese, English",23,Female,White,Portugal,Portugal,Portugal,Portuguese,No,Other
623c699cd2d65b245b67a9cf,5e29e902c2253a0587298e26,APPROVED,2022-03-24T12:52:44.870000Z,2022-03-24T13:31:24.148000Z,2022-03-24T13:38:40.624000Z,,2320,52BD9173,409,"English, Polish",29,Male,White,DATA_EXPIRED,Poland,Poland,Polish,DATA_EXPIRED,Unemployed (and job seeking)
623c69a42a3877cfacd1cd04,5e679fb8fe8ea903128c9ec5,APPROVED,2022-03-24T12:52:52.126000Z,2022-03-24T13:20:36.535000Z,2022-03-24T13:22:21.711000Z,,1665,52BD9173,227,"English, Polish",29,Male,White,Poland,Poland,Poland,Polish,No,Other
623c69a5c82806f76e07b4f9,612f56ee3caf2c26fbc996e3,APPROVED,2022-03-24T12:53:01.069000Z,2022-03-24T13:51:31.777000Z,2022-03-24T13:58:52.385000Z,,3511,52BD9173,62,English,23,Female,Black,South Africa,South Africa,South Africa,English,Yes,Unemployed (and job seeking)
623c69ab64259884b0316256,6156114d229a07b20c305dbe,APPROVED,2022-03-24T12:53:15.180000Z,2022-03-24T13:06:49.583000Z,2022-03-24T13:09:20.261000Z,,815,52BD9173,39,"English, Portuguese",24,Female,White,Portugal,Portugal,Portugal,Portuguese,DATA_EXPIRED,DATA_EXPIRED
623c69b53a8949b3e798ffa3,603e66c867d4bcef6f7af649,APPROVED,2022-03-24T12:53:09.371000Z,2022-03-24T13:13:43.253000Z,2022-03-24T13:22:20Z,,1234,52BD9173,232,"English, Portuguese",23,Female,White,Portugal,Portugal,Portugal,Portuguese,No,DATA_EXPIRED
623c69b542ab1cf4783997cc,6164912303402d94a4b09450,APPROVED,2022-03-24T12:53:15.248000Z,2022-03-24T13:46:31.626000Z,2022-03-24T13:58:50.761000Z,,3197,52BD9173,83,"Arabic, Afrikaans, English",34,Female,Mixed,South Africa,South Africa,South Africa,English,No,Full-Time
623c6b12de7b8fb2c706892a,5abbc97de1099600016a286a,APPROVED,2022-03-24T12:58:58.790000Z,2022-03-24T13:21:42.044000Z,2022-03-24T13:22:17.885000Z,,1364,52BD9173,313,"Portuguese, English",43,Female,White,Portugal,Portugal,Portugal,Portuguese,No,Full-Time
