"evaluation_id","participant_id","n_lineups","age","gender","academic_study","computer_mouse","recruitment","dataset_id","set","curvature","target","null","scale","correct","response_no","conf_level","choice_reason"
"d61a69c248335d463dccffa086699c4c","68c1934bf5e5e1327344324e1f615a88",1,"19-25","Male","Some Undergraduate Courses","Yes","Prolific","542189b4235951184f3a0e93d2041d76","1","t-E_n-E","E","E","linear",20,"6","Neutral","Clustering, Different range"
"d61a69c248335d463dccffa086699c4c","68c1934bf5e5e1327344324e1f615a88",1,"19-25","Male","Some Undergraduate Courses","Yes","Prolific","542189b4235951184f3a0e93d2041d76","1","t-E_n-E","E","E","linear",20,"3","Neutral","Clustering, Different range"
"84c392f926226c9f5b7c1b984c868221","03e791a1817ef22c40e1a2ff3a42e43b",1,"56-60","Female","Graduate Degree","Yes","Prolific","542189b4235951184f3a0e93d2041d76","1","t-E_n-E","E","E","linear",20,"3","Uncertain","Different shape"
"13e72c242214915e3e43973daa4665f5","a24b5e2ed09da0ba8e10163e67d87534",2,"19-25","Male","Prefer not to answer","Yes","Prolific","542189b4235951184f3a0e93d2041d76","1","t-E_n-E","E","E","linear",20,"20","Neutral","Clustering"
"09910b4ccd4c7959638a465767bdf1ed","a24b5e2ed09da0ba8e10163e67d87534",2,"19-25","Male","Prefer not to answer","Yes","Prolific","a74724d41c798fb43dd4a73336a93419","2","t-H_n-H","H","H","log",1,"18","Very Uncertain","Different range"
"544ebe80b5b86544b13278a199ac5c4c","e12649087db38125c794127eae7c147a",3,"31-35","Male","High School or Less","No","Prolific","542189b4235951184f3a0e93d2041d76","1","t-E_n-E","E","E","linear",20,"20","Certain","Different range"
"342425ad988c128c7d6333a3d1697e44","e12649087db38125c794127eae7c147a",3,"31-35","Male","High School or Less","No","Prolific","bd5bdb06d41d12211476de91c279571d","1","t-H_n-H","H","H","log",13,"12","Certain","Clustering"
"c22ad2fc4945d4bbee3f6281276df873","e12649087db38125c794127eae7c147a",3,"31-35","Male","High School or Less","No","Prolific","a74724d41c798fb43dd4a73336a93419","2","t-H_n-H","H","H","log",1,"18","Certain","Clustering"
"c22ad2fc4945d4bbee3f6281276df873","e12649087db38125c794127eae7c147a",3,"31-35","Male","High School or Less","No","Prolific","a74724d41c798fb43dd4a73336a93419","2","t-H_n-H","H","H","log",1,"8","Certain","Clustering"
"feac43b711f3e2019e805e9af35fdc57","e6f6b84728ecf51df68102180e721976",1,"26-30","Female","Undergraduate Degree","Yes","Prolific","bd5bdb06d41d12211476de91c279571d","1","t-H_n-H","H","H","linear",13,"12","Very Certain","Different range"
"4a13ae860686722ca997ea6933a205e6","6bc95d7a742201953b1c14f604ad258c",1,"36-40","Female","Graduate Degree","Yes","Prolific","a74724d41c798fb43dd4a73336a93419","2","t-H_n-H","H","H","log",1,"14","Neutral","Clustering"
"4a73dd44e8cf900b93c630b55df04449","566fdedd16020ca84e37273699d14362",1,"31-35","Male","Some Undergraduate Courses","Yes","Prolific","a74724d41c798fb43dd4a73336a93419","2","t-H_n-H","H","H","log",1,"20","Certain","Different shape"
"d869e3c088a6ee89661b810a7c1cce97","9eee3a9a30520c1b484d5b5e27d056cc",1,"19-25","Male","High School or Less","Yes","Prolific","542189b4235951184f3a0e93d2041d76","1","t-E_n-E","E","E","linear",20,"10","Neutral","Different shape"
"8f62102e9256c617ec5a832163dc4bb1","69ece306b83a66d49cc9636dd549ef76",1,"19-25","Female","Undergraduate Degree","Yes","Prolific","62f44019f444085dcfb169bca38bd750","1","t-M_n-M","M","M","linear",13,"20","Uncertain","Different shape"
"623eb657cf199c77ef6130cddb6af884","f4e36ce3813a0a823819fb42666d37d9",1,"19-25","Female","Some Undergraduate Courses","Yes","Prolific","bd5bdb06d41d12211476de91c279571d","1","t-H_n-H","H","H","log",13,"15","Very Uncertain","Different range"
"a1b5dd9de88d96f83ec8e0568b160446","0b685a7c5aa46d17ecc524b9d8da6cd9",2,"19-25","Male","High School or Less","Yes","Prolific","bd5bdb06d41d12211476de91c279571d","1","t-H_n-H","H","H","linear",13,"15","Uncertain","Clustering, Different shape"
"bd9850b8a40e0153bd0ee0b45cf530e7","0b685a7c5aa46d17ecc524b9d8da6cd9",2,"19-25","Male","High School or Less","Yes","Prolific","a74724d41c798fb43dd4a73336a93419","2","t-H_n-H","H","H","log",1,"18","Neutral","Different range, Outlier(s)"
"af5a6d7a16f8d4ebcebdc3123182a5ce","4213ade932fa6fe85b91f08505453685",1,"19-25","Variant/Nonconforming","Some Graduate Courses","Yes","Prolific","bd5bdb06d41d12211476de91c279571d","1","t-H_n-H","H","H","linear",13,"19","Uncertain","Different slope"
"169b2509b84b882f2f04e7f4d0a7bef5","cd8e9c252ef7a5f8fd422461ed4290cc",1,"26-30","Female","Graduate Degree","Yes","Prolific","542189b4235951184f3a0e93d2041d76","1","t-E_n-E","E","E","linear",20,"16","Uncertain","Clustering"
"827e7c40328da6a21c2f20b5e3395c00","5a5f08fd09b0e5f45d4943c5c0401b11",2,"31-35","Female","Graduate Degree","Yes","Prolific","542189b4235951184f3a0e93d2041d76","1","t-E_n-E","E","E","linear",20,"20","Certain","Different range, Different slope"
"5676c128d110f410f24f97b99fcfedca","5a5f08fd09b0e5f45d4943c5c0401b11",2,"31-35","Female","Graduate Degree","Yes","Prolific","bd5bdb06d41d12211476de91c279571d","1","t-H_n-H","H","H","log",13,"17","Certain","Clustering"
"a326cdca4ea9f685746a6fc6ec1e60fd","ea05293b90c29bd63376d734ee026723",2,"26-30","Female","Graduate Degree","Yes","Prolific","62f44019f444085dcfb169bca38bd750","1","t-M_n-M","M","M","log",13,"4","Certain","Outlier(s)"
"edf68e7e69056086bb38da4e8f5debf8","ea05293b90c29bd63376d734ee026723",2,"26-30","Female","Graduate Degree","Yes","Prolific","542189b4235951184f3a0e93d2041d76","1","t-E_n-E","E","E","linear",20,"16","Neutral","Different range"
"c2748b11383558558757ee2994b343f6","9e73ba6c6d52c8606342f798b1c169b3",2,"26-30","Female","Some Undergraduate Courses","Yes","Prolific","542189b4235951184f3a0e93d2041d76","1","t-E_n-E","E","E","linear",20,"1","Certain","Different range"
"b8d0248f8bc829878651c122597561fc","9e73ba6c6d52c8606342f798b1c169b3",2,"26-30","Female","Some Undergraduate Courses","Yes","Prolific","bd5bdb06d41d12211476de91c279571d","1","t-H_n-H","H","H","log",13,"20","Uncertain","Different range"
"24d869a1875887fec9527d6b08274acd","329fe207705972e7655012a3eaea85a8",1,"19-25","Female","Undergraduate Degree","Yes","Prolific","a74724d41c798fb43dd4a73336a93419","2","t-H_n-H","H","H","log",1,"19","Uncertain","Outlier(s)"
"2f53d396e000f5071ade105d91694d27","fea17e35e8bf570b85fe4445f912086c",4,"19-25","Male","High School or Less","Yes","Prolific","542189b4235951184f3a0e93d2041d76","1","t-E_n-E","E","E","linear",20,"7","Neutral","Different shape"
"2230da785948ae68517cb0f99a6318af","fea17e35e8bf570b85fe4445f912086c",4,"19-25","Male","High School or Less","Yes","Prolific","a74724d41c798fb43dd4a73336a93419","2","t-H_n-H","H","H","linear",1,"16","Very Uncertain","Outlier(s)"
"be8c4e0889b89f33017940246ed15ffa","fea17e35e8bf570b85fe4445f912086c",4,"19-25","Male","High School or Less","Yes","Prolific","682e0810a83a599ca26e514c3b7ed543","2","t-E_n-E","E","E","log",18,"19","Certain","Different shape"
"be8c4e0889b89f33017940246ed15ffa","fea17e35e8bf570b85fe4445f912086c",4,"19-25","Male","High School or Less","Yes","Prolific","682e0810a83a599ca26e514c3b7ed543","2","t-E_n-E","E","E","log",18,"8","Very Certain","Clustering"
"d97d279e1e124dbe7a81180decbf834d","315ee3a906cf7f3dbb0f842e388959da",3,"19-25","Male","High School or Less","Yes","Prolific","542189b4235951184f3a0e93d2041d76","1","t-E_n-E","E","E","log",20,"17","Neutral","Outlier(s)"
"ed90f4f0e4b7eaf9c3cb3ee1da9e1550","315ee3a906cf7f3dbb0f842e388959da",3,"19-25","Male","High School or Less","Yes","Prolific","bd5bdb06d41d12211476de91c279571d","1","t-H_n-H","H","H","log",13,"12","Uncertain","Clustering"
"a27197ec31e03481fda38fa18c7cd7b0","315ee3a906cf7f3dbb0f842e388959da",3,"19-25","Male","High School or Less","Yes","Prolific","a74724d41c798fb43dd4a73336a93419","2","t-H_n-H","H","H","log",1,"20","Uncertain","Clustering"
"6ee8a02afc528c81e104ca54ab02396f","b31436e2f99358b8449a865602dd9578",1,"26-30","Female","Graduate Degree","Yes","Prolific","682e0810a83a599ca26e514c3b7ed543","2","t-E_n-E","E","E","log",18,"14","Certain","Clustering"
"e069fe1fcfe4d59002cd3162f1f30a9e","157fd4237361393aac61668690c1f3ab",1,"26-30","Male","Graduate Degree","Yes","Prolific","682e0810a83a599ca26e514c3b7ed543","2","t-E_n-E","E","E","log",18,"5","Neutral","Clustering"
"65c035a3afb54594b0bf35354a79d3f1","0eca792e63352eab6c41da936f58905d",2,"19-25","Male","High School or Less","Yes","Prolific","62f44019f444085dcfb169bca38bd750","1","t-M_n-M","M","M","log",13,"4","Uncertain","Different range"
"01a2e078bfd5cbfeea9e22950ec33578","0eca792e63352eab6c41da936f58905d",2,"19-25","Male","High School or Less","Yes","Prolific","bd5bdb06d41d12211476de91c279571d","1","t-H_n-H","H","H","log",13,"12","Uncertain","Clustering"
"8f040068a8cf9074f94b5fd2970e0e1b","de30246184154c5a16fe4049d3edd302",1,"19-25","Male","Graduate Degree","Yes","Prolific","542189b4235951184f3a0e93d2041d76","1","t-E_n-E","E","E","linear",20,"3","Uncertain","Clustering"
"a9fca090044c5db1ab653773346529a1","2f5da59f5c17e8ef9b48b495cbe42bba",1,"19-25","Female","Graduate Degree","Yes","Prolific","682e0810a83a599ca26e514c3b7ed543","2","t-E_n-E","E","E","linear",18,"7","Neutral","Clustering"
"fc3d346468084773b927af85f6d9aacd","6f3950fc8c44c12c161d90e1aa98e785",1,"19-25","Male","Some Graduate Courses","Yes","Prolific","a74724d41c798fb43dd4a73336a93419","2","t-H_n-H","H","H","log",1,"16","Neutral","Different range"
"1d3304346d1ef153e1e63dd46fa1800b","dc27c22ba016701d6dac2a4385b18e30",1,"19-25","Male","High School or Less","Yes","Prolific","682e0810a83a599ca26e514c3b7ed543","2","t-E_n-E","E","E","linear",18,"20","Certain","Clustering"
"45769e2d08ce342e018fd2c3480850cb","fdd26bcded32c6a193caad28e1348e80",1,"26-30","Male","Graduate Degree","Yes","Prolific","682e0810a83a599ca26e514c3b7ed543","2","t-E_n-E","E","E","linear",18,"7","Neutral","Different slope"
"f55411169061c90400cbdd7e59da054d","d5454bcfa1d9a0af486b8d1e19b8f67d",1,"19-25","Male","High School or Less","Yes","Prolific","62f44019f444085dcfb169bca38bd750","1","t-M_n-M","M","M","linear",13,"4","Certain","Outlier(s)"
"4c8e73c051925e63885873814d616e0e","6bf5ee4128dc3a28da88f86f00aa844f",1,"19-25","Male","High School or Less","Yes","Prolific","bd5bdb06d41d12211476de91c279571d","1","t-H_n-H","H","H","log",13,"12","Very Uncertain","Clustering"
"40bb472cc10d27c723073398fecdf903","2e19665ef158ca6963d201a69991d051",1,"19-25","Female","Graduate Degree","Yes","Prolific","682e0810a83a599ca26e514c3b7ed543","2","t-E_n-E","E","E","linear",18,"9","Certain","Outlier(s)"
"5e9f0022da16f6db409709d5e54e1f00","d7367bac8659136b133982c295f39a77",2,"19-25","Female","High School or Less","Yes","Prolific","682e0810a83a599ca26e514c3b7ed543","2","t-E_n-E","E","E","linear",18,"19","Uncertain","Different slope"
"2c92884394bb76a0800957e2c9a660c9","d7367bac8659136b133982c295f39a77",2,"19-25","Female","High School or Less","Yes","Prolific","62f44019f444085dcfb169bca38bd750","1","t-M_n-M","M","M","linear",13,"10","Very Uncertain","Different shape"
"3e744246d5d0b68e8fd9d125cf7bc65b","1e43202152e1e4e93406f57c7d21820e",2,"26-30","Female","Some Graduate Courses","Yes","Prolific","682e0810a83a599ca26e514c3b7ed543","2","t-E_n-E","E","E","log",18,"19","Uncertain","Different slope"
"3e744246d5d0b68e8fd9d125cf7bc65b","1e43202152e1e4e93406f57c7d21820e",2,"26-30","Female","Some Graduate Courses","Yes","Prolific","682e0810a83a599ca26e514c3b7ed543","2","t-E_n-E","E","E","log",18,"1","Uncertain","Different slope"
"a97f94ce5d1dcf8cf7552a0ac920f453","1e43202152e1e4e93406f57c7d21820e",2,"26-30","Female","Some Graduate Courses","Yes","Prolific","62f44019f444085dcfb169bca38bd750","1","t-M_n-M","M","M","linear",13,"11","Very Uncertain","Different shape"
"f11e240e47a2f52b5f8b055d849c4dc8","2b7e6e00ad4319483c956498ff47bed5",1,"36-40","Male","Graduate Degree","Yes","Prolific","682e0810a83a599ca26e514c3b7ed543","2","t-E_n-E","E","E","log",18,"13","Neutral","Clustering"
"b8c0fbf7a24fa7f7b92453df53ecd365","07feee826c50c5a66eb2ddca1390b19d",2,"19-25","Male","High School or Less","Yes","Prolific","682e0810a83a599ca26e514c3b7ed543","2","t-E_n-E","E","E","log",18,"15","Neutral","Clustering"
"8c5d2c1fca7e05954df29ebd07fa9008","07feee826c50c5a66eb2ddca1390b19d",2,"19-25","Male","High School or Less","Yes","Prolific","62f44019f444085dcfb169bca38bd750","1","t-M_n-M","M","M","linear",13,"4","Uncertain","Outlier(s)"
"80fe83ba94654dde9bc05169fd0b73e9","6930926febf40cc10ffb555a936512b1",1,"19-25","Female","Undergraduate Degree","Yes","Prolific","a74724d41c798fb43dd4a73336a93419","2","t-H_n-H","H","H","linear",1,"9","Neutral","Clustering, Different shape"
"8f9cf89f1e75f0e7fb2b533649717cf1","6bf56a9b794bdbc90af801596c4847d3",3,"19-25","Female","Graduate Degree","Yes","Prolific","a74724d41c798fb43dd4a73336a93419","2","t-H_n-H","H","H","linear",1,"19","Uncertain","Clustering"
"670f870fe7607700604adc8829d45fab","6bf56a9b794bdbc90af801596c4847d3",3,"19-25","Female","Graduate Degree","Yes","Prolific","2dfddc9b6373e3cebe2c5f7aa59ecb4e","2","t-M_n-M","M","M","log",16,"11","Neutral","Clustering"
"670f870fe7607700604adc8829d45fab","6bf56a9b794bdbc90af801596c4847d3",3,"19-25","Female","Graduate Degree","Yes","Prolific","2dfddc9b6373e3cebe2c5f7aa59ecb4e","2","t-M_n-M","M","M","log",16,"10","Neutral","Different shape, Different slope"
"d56f886453adb8855ca87341c3519a57","18f2388de6cde04a112482d196be769c",1,"26-30","Female","Some Undergraduate Courses","Yes","Prolific","682e0810a83a599ca26e514c3b7ed543","2","t-E_n-E","E","E","linear",18,"20","Uncertain","Clustering"
"9281a08eaaa0696c798a78170478becf","58c550c9ba3811831699f2e891291814",2,"19-25","Male","Undergraduate Degree","Yes","Prolific","682e0810a83a599ca26e514c3b7ed543","2","t-E_n-E","E","E","linear",18,"2","Neutral","Different shape"
"7d8ef3b41addde7f4ba9e80911b706fd","58c550c9ba3811831699f2e891291814",2,"19-25","Male","Undergraduate Degree","Yes","Prolific","a74724d41c798fb43dd4a73336a93419","2","t-H_n-H","H","H","log",1,"6","Very Uncertain","Clustering"
"dd4aea8fc733e7a1af5b218208bac960","fbce8e2c3b970fccce2e320387454449",2,"19-25","Male","Undergraduate Degree","Yes","Prolific","682e0810a83a599ca26e514c3b7ed543","2","t-E_n-E","E","E","linear",18,"16","Uncertain","Different shape"
"09bd74e8f49bcb344f602e1447e50e5a","fbce8e2c3b970fccce2e320387454449",2,"19-25","Male","Undergraduate Degree","Yes","Prolific","62f44019f444085dcfb169bca38bd750","1","t-M_n-M","M","M","linear",13,"4","Certain","Outlier(s)"
"5542010febd7bcc2eccf7d9275b769cd","c0fede2910bffa77454f3c67845abb8b",2,"19-25","Male","Some Graduate Courses","Yes","Prolific","682e0810a83a599ca26e514c3b7ed543","2","t-E_n-E","E","E","linear",18,"20","Uncertain","Clustering"
"5542010febd7bcc2eccf7d9275b769cd","c0fede2910bffa77454f3c67845abb8b",2,"19-25","Male","Some Graduate Courses","Yes","Prolific","682e0810a83a599ca26e514c3b7ed543","2","t-E_n-E","E","E","linear",18,"14","Uncertain","Clustering"
"5542010febd7bcc2eccf7d9275b769cd","c0fede2910bffa77454f3c67845abb8b",2,"19-25","Male","Some Graduate Courses","Yes","Prolific","682e0810a83a599ca26e514c3b7ed543","2","t-E_n-E","E","E","linear",18,"18","Uncertain","Clustering"
"5542010febd7bcc2eccf7d9275b769cd","c0fede2910bffa77454f3c67845abb8b",2,"19-25","Male","Some Graduate Courses","Yes","Prolific","682e0810a83a599ca26e514c3b7ed543","2","t-E_n-E","E","E","linear",18,"4","Uncertain","Clustering"
"41a066d9b5bbc4154d27305001fe7b7a","c0fede2910bffa77454f3c67845abb8b",2,"19-25","Male","Some Graduate Courses","Yes","Prolific","a74724d41c798fb43dd4a73336a93419","2","t-H_n-H","H","H","linear",1,"9","Uncertain","Clustering"
"41a066d9b5bbc4154d27305001fe7b7a","c0fede2910bffa77454f3c67845abb8b",2,"19-25","Male","Some Graduate Courses","Yes","Prolific","a74724d41c798fb43dd4a73336a93419","2","t-H_n-H","H","H","linear",1,"19","Uncertain","Clustering"
"41a066d9b5bbc4154d27305001fe7b7a","c0fede2910bffa77454f3c67845abb8b",2,"19-25","Male","Some Graduate Courses","Yes","Prolific","a74724d41c798fb43dd4a73336a93419","2","t-H_n-H","H","H","linear",1,"16","Uncertain","Clustering"
"30345d913d3312560b5667d717dd9f3e","8d6668c1b293251d1abd6f051a6b8f61",1,"19-25","Female","Graduate Degree","Yes","Prolific","682e0810a83a599ca26e514c3b7ed543","2","t-E_n-E","E","E","linear",18,"2","Very Certain","Clustering"
"16924993125945a879f8e8aca50b9ccc","e0c88bdbd1ea6c50cb391d9454c35900",1,"19-25","Female","Some Undergraduate Courses","No","Prolific","682e0810a83a599ca26e514c3b7ed543","2","t-E_n-E","E","E","linear",18,"20","Certain","Clustering"
"37c8aaead0fcc72ba282b39baae7da62","c4567c868bb7bc3ee9ec14b111f22deb",1,"19-25","Male","Undergraduate Degree","Yes","Prolific","682e0810a83a599ca26e514c3b7ed543","2","t-E_n-E","E","E","log",18,"4","Uncertain","Clustering"
"e96beedff0c13cb2f5e206b7cc5f939a","42afdf9c2e96d50fe148f9f961260667",1,"19-25","Male","Some Undergraduate Courses","Yes","Prolific","682e0810a83a599ca26e514c3b7ed543","2","t-E_n-E","E","E","linear",18,"19","Certain","Different slope"
"afd0b5249e8842e73270ef119efd8d15","f1a0b343aea1626bff44d77c01d884db",1,"19-25","Female","Prefer not to answer","No","Prolific","a74724d41c798fb43dd4a73336a93419","2","t-H_n-H","H","H","linear",1,"18","Uncertain","Clustering"
"3619d97c99024ad6ce0d371dae144a59","023e92c9cab7d780bbfa9eab36a370aa",1,"36-40","Female","Graduate Degree","Yes","Prolific","682e0810a83a599ca26e514c3b7ed543","2","t-E_n-E","E","E","log",18,"14","Neutral","Clustering"
"19a413a82983e9707e350703815fab3f","924c62cc84cd09d128245feecaf4790f",2,"19-25","Female","Some Graduate Courses","Yes","Prolific","682e0810a83a599ca26e514c3b7ed543","2","t-E_n-E","E","E","linear",18,"11","Very Certain","Different range"
"0019a66da9b25af7b41da84682b0fdc3","924c62cc84cd09d128245feecaf4790f",2,"19-25","Female","Some Graduate Courses","Yes","Prolific","a74724d41c798fb43dd4a73336a93419","2","t-H_n-H","H","H","linear",1,"6","Uncertain","Different range"
"0019a66da9b25af7b41da84682b0fdc3","924c62cc84cd09d128245feecaf4790f",2,"19-25","Female","Some Graduate Courses","Yes","Prolific","a74724d41c798fb43dd4a73336a93419","2","t-H_n-H","H","H","linear",1,"12","Uncertain","Different range"
"8d8798a6dc6fdddbe3e139f9c09b833f","1073f1718534f414361b8acf04a707bd",2,"26-30","Female","Graduate Degree","Yes","Prolific","682e0810a83a599ca26e514c3b7ed543","2","t-E_n-E","E","E","linear",18,"19","Neutral","Different shape"
"095e5c9bb751546fcfd74b56aed72fa2","1073f1718534f414361b8acf04a707bd",2,"26-30","Female","Graduate Degree","Yes","Prolific","a74724d41c798fb43dd4a73336a93419","2","t-H_n-H","H","H","log",1,"17","Neutral","Clustering"
"27d900530fc66d7dbc6b007d47762a27","303feff3aa8f682d0f7ea0b3978f14f9",1,"26-30","Male","Graduate Degree","Yes","Prolific","542189b4235951184f3a0e93d2041d76","1","t-E_n-E","E","E","log",20,"8","Neutral","Clustering, Different shape"
"24eca155a2d953864eff5702748fd0ba","909a35d16a563cd2df6ad923e1cb457d",1,"19-25","Male","Some Undergraduate Courses","Yes","Prolific","62f44019f444085dcfb169bca38bd750","1","t-M_n-M","M","M","linear",13,"12","Very Uncertain","Different range, Outlier(s)"
"a7cf2fc8b16ffef01a5e0dacb0b6fc40","fe6cfb397a1f2ace64d5aede1f15fcc8",1,"19-25","Male","Graduate Degree","Yes","Prolific","682e0810a83a599ca26e514c3b7ed543","2","t-E_n-E","E","E","linear",18,"20","Certain","Different slope"
"6952f2482de887ed3faa01942ae58c16","e22c2ebf2d2734f9078b69c6f86b830a",1,"19-25","Female","Undergraduate Degree","No","Prolific","542189b4235951184f3a0e93d2041d76","1","t-E_n-E","E","E","log",20,"9","Certain","Different shape"
"4d273e95c5319bca8e8c9cdac44fe078","cc78b65cd622b4161cf8f40b42f75cb5",1,"19-25","Male","Graduate Degree","Yes","Prolific","682e0810a83a599ca26e514c3b7ed543","2","t-E_n-E","E","E","linear",18,"11","Very Certain","Different range"
"bb0ce91d68d91cca48951947e8e7751e","599f3c7c34cd80792e91818b9e8e802c",1,"31-35","Female","Prefer not to answer","Yes","Prolific","542189b4235951184f3a0e93d2041d76","1","t-E_n-E","E","E","linear",20,"16","Uncertain","Different range"
"5c15c6896636f816a13d996d1ae79c43","b4b589b6019d2b39bcf73a3250092f7a",1,"19-25","Male","Some Undergraduate Courses","Yes","Prolific","a74724d41c798fb43dd4a73336a93419","2","t-H_n-H","H","H","linear",1,"9","Neutral","Clustering"
"b31dbbc553b574d56ac8e35271d7941f","48e695c4524a17943315b003b65281db",1,"26-30","Male","Graduate Degree","Yes","Prolific","2dfddc9b6373e3cebe2c5f7aa59ecb4e","2","t-M_n-M","M","M","linear",16,"20","Uncertain","Different slope"
"b31dbbc553b574d56ac8e35271d7941f","48e695c4524a17943315b003b65281db",1,"26-30","Male","Graduate Degree","Yes","Prolific","2dfddc9b6373e3cebe2c5f7aa59ecb4e","2","t-M_n-M","M","M","linear",16,"9","Uncertain","Different slope"
"5ccb60d7546444229dd4f7a84db2b116","d0eacaf26fd6a436d5f3ac5f0947fc5a",1,"19-25","Male","Some Graduate Courses","Yes","Prolific","a74724d41c798fb43dd4a73336a93419","2","t-H_n-H","H","H","linear",1,"9","Uncertain","Different shape"
"7c353760ec4d4d3c00b417419873da5e","3c04b9afe737dffeda1e55423bf48bd2",1,"19-25","Male","High School or Less","Yes","Prolific","bd5bdb06d41d12211476de91c279571d","1","t-H_n-H","H","H","linear",13,"15","Certain","Clustering"
"3f57470ee1b52efa7e957f1d1c3bf324","9a5c9366c8eba94cb3ac4c069c599a6a",1,"26-30","Female","Graduate Degree","Yes","Prolific","a74724d41c798fb43dd4a73336a93419","2","t-H_n-H","H","H","linear",1,"16","Neutral","Different range"
"0f0029aa25af2c6105ba01128725e7be","49ba4b71fd310b4f8cf6b3f0dd48cee2",1,"31-35","Female","High School or Less","No","Prolific","542189b4235951184f3a0e93d2041d76","1","t-E_n-E","E","E","log",20,"9","Neutral","Clustering"
"cf15d6625eec94f71fb44358027a3243","e2bd1a685a26e525f42f8069756828f5",1,"19-25","Male","Undergraduate Degree","Yes","Prolific","542189b4235951184f3a0e93d2041d76","1","t-E_n-E","E","E","log",20,"15","Neutral","Clustering"
"c4cc8ef01fcb793adf602547ac041993","0bbfae521b60724dfd07592320a09328",1,"41-45","Male","Graduate Degree","Yes","Prolific","542189b4235951184f3a0e93d2041d76","1","t-E_n-E","E","E","log",20,"4","Neutral","Different shape"
"c4cc8ef01fcb793adf602547ac041993","0bbfae521b60724dfd07592320a09328",1,"41-45","Male","Graduate Degree","Yes","Prolific","542189b4235951184f3a0e93d2041d76","1","t-E_n-E","E","E","log",20,"15","Neutral","Different shape"
"7f6dcf6ee9545430a7954d5d33a7fd22","ad1759a07481abb1aa664e0d70382222",2,"26-30","Male","Graduate Degree","Yes","Prolific","542189b4235951184f3a0e93d2041d76","1","t-E_n-E","E","E","log",20,"14","Certain","Clustering"
"93edcbd4802599fdd8a5def6c0eb53cd","ad1759a07481abb1aa664e0d70382222",2,"26-30","Male","Graduate Degree","Yes","Prolific","bd5bdb06d41d12211476de91c279571d","1","t-H_n-H","H","H","linear",13,"12","Certain","Outlier(s)"
"a0b2c1ce44e6fb8efb12440d93fe6835","6114cb7e48aa00e3241709f085df64c1",1,"19-25","Male","Some Undergraduate Courses","Yes","Prolific","542189b4235951184f3a0e93d2041d76","1","t-E_n-E","E","E","log",20,"3","Certain","Clustering, Different range"
"a3a4916836afffddd1ef84fb7130e4d9","d74efe0c9e8b1ffd06f4eb6533246b73",2,"36-40","Male","Graduate Degree","Yes","Prolific","542189b4235951184f3a0e93d2041d76","1","t-E_n-E","E","E","log",20,"20","Certain","Different slope"
"a3a4916836afffddd1ef84fb7130e4d9","d74efe0c9e8b1ffd06f4eb6533246b73",2,"36-40","Male","Graduate Degree","Yes","Prolific","542189b4235951184f3a0e93d2041d76","1","t-E_n-E","E","E","log",20,"3","Certain","Different slope"
"a3a4916836afffddd1ef84fb7130e4d9","d74efe0c9e8b1ffd06f4eb6533246b73",2,"36-40","Male","Graduate Degree","Yes","Prolific","542189b4235951184f3a0e93d2041d76","1","t-E_n-E","E","E","log",20,"2","Certain","Different slope"
"09e4d527cf34afa09627215089cdffa0","d74efe0c9e8b1ffd06f4eb6533246b73",2,"36-40","Male","Graduate Degree","Yes","Prolific","682e0810a83a599ca26e514c3b7ed543","2","t-E_n-E","E","E","log",18,"11","Very Uncertain","Different slope"
"3d99e54a6725eb96e4360338ca075824","b260431a5abc2625fe9fd1d38571c476",1,"19-25","Female","Some Undergraduate Courses","Yes","Prolific","542189b4235951184f3a0e93d2041d76","1","t-E_n-E","E","E","log",20,"15","Certain","Different range"
"7f61b7b38c278ae801e48c8d2e37ff6a","8bfb02372e375bf1b9ba5eb29e0415f3",1,"19-25","Male","High School or Less","No","Prolific","542189b4235951184f3a0e93d2041d76","1","t-E_n-E","E","E","log",20,"1","Certain","Clustering"
"7f61b7b38c278ae801e48c8d2e37ff6a","8bfb02372e375bf1b9ba5eb29e0415f3",1,"19-25","Male","High School or Less","No","Prolific","542189b4235951184f3a0e93d2041d76","1","t-E_n-E","E","E","log",20,"5","Certain","Clustering"
"7f61b7b38c278ae801e48c8d2e37ff6a","8bfb02372e375bf1b9ba5eb29e0415f3",1,"19-25","Male","High School or Less","No","Prolific","542189b4235951184f3a0e93d2041d76","1","t-E_n-E","E","E","log",20,"4","Certain","Clustering"
"7f61b7b38c278ae801e48c8d2e37ff6a","8bfb02372e375bf1b9ba5eb29e0415f3",1,"19-25","Male","High School or Less","No","Prolific","542189b4235951184f3a0e93d2041d76","1","t-E_n-E","E","E","log",20,"10","Certain","Clustering"
"7f61b7b38c278ae801e48c8d2e37ff6a","8bfb02372e375bf1b9ba5eb29e0415f3",1,"19-25","Male","High School or Less","No","Prolific","542189b4235951184f3a0e93d2041d76","1","t-E_n-E","E","E","log",20,"17","Certain","Clustering"
"f65a640c6295f962a13c5d351c1a0e54","ea56d370543263e45f5bffbf443c7977",8,"19-25","Male","Some Undergraduate Courses","Yes","Prolific","682e0810a83a599ca26e514c3b7ed543","2","t-E_n-E","E","E","linear",18,"11","Certain","Outlier(s)"
"f65a640c6295f962a13c5d351c1a0e54","ea56d370543263e45f5bffbf443c7977",8,"19-25","Male","Some Undergraduate Courses","Yes","Prolific","682e0810a83a599ca26e514c3b7ed543","2","t-E_n-E","E","E","linear",18,"4","Neutral","Clustering"
"f65a640c6295f962a13c5d351c1a0e54","ea56d370543263e45f5bffbf443c7977",8,"19-25","Male","Some Undergraduate Courses","Yes","Prolific","682e0810a83a599ca26e514c3b7ed543","2","t-E_n-E","E","E","linear",18,"11","Neutral","Clustering"
"161e680d4ca7c43fcfb5a9c0c087a6ca","ea56d370543263e45f5bffbf443c7977",8,"19-25","Male","Some Undergraduate Courses","Yes","Prolific","bd5bdb06d41d12211476de91c279571d","1","t-H_n-H","H","H","linear",13,"12","Certain","Different range"
"8bea0172d89b2411af8346cc6fd3a52d","ea56d370543263e45f5bffbf443c7977",8,"19-25","Male","Some Undergraduate Courses","Yes","Prolific","682e0810a83a599ca26e514c3b7ed543","2","t-E_n-E","E","E","log",18,"19","Neutral","Different slope"
"f65a640c6295f962a13c5d351c1a0e54","ea56d370543263e45f5bffbf443c7977",8,"19-25","Male","Some Undergraduate Courses","Yes","Prolific","682e0810a83a599ca26e514c3b7ed543","2","t-E_n-E","E","E","linear",18,"11","Certain","Outlier(s)"
"f65a640c6295f962a13c5d351c1a0e54","ea56d370543263e45f5bffbf443c7977",8,"19-25","Male","Some Undergraduate Courses","Yes","Prolific","682e0810a83a599ca26e514c3b7ed543","2","t-E_n-E","E","E","linear",18,"4","Neutral","Clustering"
"f65a640c6295f962a13c5d351c1a0e54","ea56d370543263e45f5bffbf443c7977",8,"19-25","Male","Some Undergraduate Courses","Yes","Prolific","682e0810a83a599ca26e514c3b7ed543","2","t-E_n-E","E","E","linear",18,"11","Neutral","Clustering"
"161e680d4ca7c43fcfb5a9c0c087a6ca","ea56d370543263e45f5bffbf443c7977",8,"19-25","Male","Some Undergraduate Courses","Yes","Prolific","bd5bdb06d41d12211476de91c279571d","1","t-H_n-H","H","H","linear",13,"12","Certain","Different range"
"8bea0172d89b2411af8346cc6fd3a52d","ea56d370543263e45f5bffbf443c7977",8,"19-25","Male","Some Undergraduate Courses","Yes","Prolific","682e0810a83a599ca26e514c3b7ed543","2","t-E_n-E","E","E","log",18,"19","Neutral","Different slope"
"a492f2b3106a6eae9dd3435df7d4069e","949cee4018a5f98700cc18936a9a5360",1,"36-40","Male","Some Undergraduate Courses","Yes","Prolific","a74724d41c798fb43dd4a73336a93419","2","t-H_n-H","H","H","linear",1,"20","Certain","Different range"
"facd6291e498834c58e9211cefe886ca","311648c41c4e4635f71b6f9f6506788b",1,"19-25","Male","High School or Less","Yes","Prolific","542189b4235951184f3a0e93d2041d76","1","t-E_n-E","E","E","log",20,"20","Neutral","Clustering, Different range, Different shape, Different slope"
"548ca0fd6b6c61eb53ecd00086a1d79d","1c933ea32b7ef31b7497b1f6e4446dec",2,"19-25","Male","Undergraduate Degree","Yes","Prolific","542189b4235951184f3a0e93d2041d76","1","t-E_n-E","E","E","log",20,"15","Neutral","Clustering"
"548ca0fd6b6c61eb53ecd00086a1d79d","1c933ea32b7ef31b7497b1f6e4446dec",2,"19-25","Male","Undergraduate Degree","Yes","Prolific","542189b4235951184f3a0e93d2041d76","1","t-E_n-E","E","E","log",20,"15","Neutral","Clustering"
"76afd75c575c9b02123729ec7b3de137","cb69ca50a5461809d86fa9f9b4266fe3",3,"19-25","Male","High School or Less","Yes","Prolific","682e0810a83a599ca26e514c3b7ed543","2","t-E_n-E","E","E","linear",18,"2","Certain","Different shape, Outlier(s)"
"76afd75c575c9b02123729ec7b3de137","cb69ca50a5461809d86fa9f9b4266fe3",3,"19-25","Male","High School or Less","Yes","Prolific","682e0810a83a599ca26e514c3b7ed543","2","t-E_n-E","E","E","linear",18,"4","Certain","Different shape, Outlier(s)"
"76afd75c575c9b02123729ec7b3de137","cb69ca50a5461809d86fa9f9b4266fe3",3,"19-25","Male","High School or Less","Yes","Prolific","682e0810a83a599ca26e514c3b7ed543","2","t-E_n-E","E","E","linear",18,"9","Certain","Different shape, Outlier(s)"
"76afd75c575c9b02123729ec7b3de137","cb69ca50a5461809d86fa9f9b4266fe3",3,"19-25","Male","High School or Less","Yes","Prolific","682e0810a83a599ca26e514c3b7ed543","2","t-E_n-E","E","E","linear",18,"11","Certain","Different shape, Outlier(s)"
"295954d15f5e6ce61a8109045cf4619c","cb69ca50a5461809d86fa9f9b4266fe3",3,"19-25","Male","High School or Less","Yes","Prolific","62f44019f444085dcfb169bca38bd750","1","t-M_n-M","M","M","log",13,"1","Neutral","Different range"
"338ec52f52233f9827061efa83c35222","cb69ca50a5461809d86fa9f9b4266fe3",3,"19-25","Male","High School or Less","Yes","Prolific","a74724d41c798fb43dd4a73336a93419","2","t-H_n-H","H","H","log",1,"13","Certain","Different slope"
"338ec52f52233f9827061efa83c35222","cb69ca50a5461809d86fa9f9b4266fe3",3,"19-25","Male","High School or Less","Yes","Prolific","a74724d41c798fb43dd4a73336a93419","2","t-H_n-H","H","H","log",1,"8","Certain","Different slope"
"e1c5e8ba98f5e54509308920e207cc6a","f7ebedac94071228caec5e50706b909d",1,"19-25","Male","Some Graduate Courses","Yes","Prolific","a74724d41c798fb43dd4a73336a93419","2","t-H_n-H","H","H","log",1,"8","Certain","Different slope"
"8afa3354715a29adca0d82bde13e77a0","f5587d98f923c2c7a54bfe4e0e06c8d2",2,"19-25","Male","Undergraduate Degree","Yes","Prolific","542189b4235951184f3a0e93d2041d76","1","t-E_n-E","E","E","log",20,"11","Neutral","Different range"
"1a22e4d0c3e8962a9dbf9bc7d454f153","f5587d98f923c2c7a54bfe4e0e06c8d2",2,"19-25","Male","Undergraduate Degree","Yes","Prolific","682e0810a83a599ca26e514c3b7ed543","2","t-E_n-E","E","E","log",18,"1","Uncertain","Clustering, Different shape"
"648e2fd8f3ff1e2eaf03dced6f1b5734","8925541b627d21563031cace7ddd4a24",1,"26-30","Female","Graduate Degree","Yes","Prolific","542189b4235951184f3a0e93d2041d76","1","t-E_n-E","E","E","log",20,"20","Certain","Different slope"
"fe670ef6156aba65bc8e3f797e083980","293e659f694781c54053eb995faa8c01",1,"19-25","Female","Graduate Degree","Yes","Prolific","542189b4235951184f3a0e93d2041d76","1","t-E_n-E","E","E","log",20,"20","Certain","Clustering"
"b89232b211cbb9f452e1cbdbf4ad47bf","49cc518eebf31e0204fcd237a06beead",1,"19-25","Female","Some Undergraduate Courses","No","Prolific","a74724d41c798fb43dd4a73336a93419","2","t-H_n-H","H","H","log",1,"12","Neutral","Outlier(s)"
"b89232b211cbb9f452e1cbdbf4ad47bf","49cc518eebf31e0204fcd237a06beead",1,"19-25","Female","Some Undergraduate Courses","No","Prolific","a74724d41c798fb43dd4a73336a93419","2","t-H_n-H","H","H","log",1,"17","Neutral","Outlier(s)"
"b486829aa3c2bd46ca4022f4f57aa6c0","f0c0863a470af3bd310c83602272207c",1,"36-40","Female","Graduate Degree","Yes","Prolific","a74724d41c798fb43dd4a73336a93419","2","t-H_n-H","H","H","log",1,"3","Neutral","Clustering"
"382299daaa51d6fa1486f7289ab4c215","5e60d4a67d51a2042d1c457e27af2b13",2,"19-25","Female","Undergraduate Degree","Yes","Prolific","542189b4235951184f3a0e93d2041d76","1","t-E_n-E","E","E","linear",20,"17","Certain","Different range"
"520d7efebb3cb510ab985767099babb1","5e60d4a67d51a2042d1c457e27af2b13",2,"19-25","Female","Undergraduate Degree","Yes","Prolific","542189b4235951184f3a0e93d2041d76","1","t-E_n-E","E","E","log",20,"9","Uncertain","Different range"
"92b5e0cff061e5fbe882031ab6f53261","3dd9ad42446d0924d420ec0a28828f59",1,"19-25","Male","Graduate Degree","Yes","Prolific","a74724d41c798fb43dd4a73336a93419","2","t-H_n-H","H","H","log",1,"17","Neutral","Outlier(s)"
"740b083906ee5475cc7d6e29e0295839","debac759953f08fa036a9d4b79df9b57",2,"19-25","Male","Some Graduate Courses","Yes","Prolific","542189b4235951184f3a0e93d2041d76","1","t-E_n-E","E","E","log",20,"9","Neutral","Clustering"
"ff00d4a8f625bc554712887498912809","debac759953f08fa036a9d4b79df9b57",2,"19-25","Male","Some Graduate Courses","Yes","Prolific","2dfddc9b6373e3cebe2c5f7aa59ecb4e","2","t-M_n-M","M","M","log",16,"1","Certain","Different shape"
"80a0bf898c1e89f34beac35349f24f51","f80e2f0a5368da8cde168d7d91ab89a1",1,"19-25","Female","Undergraduate Degree","Yes","Prolific","542189b4235951184f3a0e93d2041d76","1","t-E_n-E","E","E","log",20,"3","Neutral","Different shape"
"9f28781b937cd179c16721ef193a8bf2","a8789b68f490e029c261f3a2760361c4",2,"26-30","Male","Some Undergraduate Courses","Yes","Prolific","a74724d41c798fb43dd4a73336a93419","2","t-H_n-H","H","H","log",1,"18","Neutral","Different range"
"611e02b00ca43378a568a9b1f85ea4e5","a8789b68f490e029c261f3a2760361c4",2,"26-30","Male","Some Undergraduate Courses","Yes","Prolific","bd5bdb06d41d12211476de91c279571d","1","t-H_n-H","H","H","log",13,"12","Certain","Different range"
"98ce7d255f04e9d9a15d8dbfa8caca87","ae86c5f46e3b8b868686930d267eb11b",1,"19-25","Male","High School or Less","Yes","Prolific","bd5bdb06d41d12211476de91c279571d","1","t-H_n-H","H","H","log",13,"12","Certain","Different range"
"cbe00f527697317fbe0d18ea7d445103","b383753fe21035de58b71838c4345244",1,"19-25","Male","Prefer not to answer","No","Prolific","a74724d41c798fb43dd4a73336a93419","2","t-H_n-H","H","H","log",1,"3","Uncertain","Clustering"
"001384d5942db8a3bffc7f354c277749","12f761d7c71483e09ab23bfd7e946d4d",2,"26-30","Male","Undergraduate Degree","Yes","Prolific","682e0810a83a599ca26e514c3b7ed543","2","t-E_n-E","E","E","log",18,"19","Certain","Clustering, Different range, Outlier(s)"
"001384d5942db8a3bffc7f354c277749","12f761d7c71483e09ab23bfd7e946d4d",2,"26-30","Male","Undergraduate Degree","Yes","Prolific","682e0810a83a599ca26e514c3b7ed543","2","t-E_n-E","E","E","log",18,"11","Certain","Clustering, Different range, Outlier(s)"
"001384d5942db8a3bffc7f354c277749","12f761d7c71483e09ab23bfd7e946d4d",2,"26-30","Male","Undergraduate Degree","Yes","Prolific","682e0810a83a599ca26e514c3b7ed543","2","t-E_n-E","E","E","log",18,"4","Certain","Clustering, Different range, Outlier(s)"
"001384d5942db8a3bffc7f354c277749","12f761d7c71483e09ab23bfd7e946d4d",2,"26-30","Male","Undergraduate Degree","Yes","Prolific","682e0810a83a599ca26e514c3b7ed543","2","t-E_n-E","E","E","log",18,"1","Certain","Clustering, Different range, Outlier(s)"
"fec111e9e537ed872e6ee2a4c56fe2c5","12f761d7c71483e09ab23bfd7e946d4d",2,"26-30","Male","Undergraduate Degree","Yes","Prolific","bd5bdb06d41d12211476de91c279571d","1","t-H_n-H","H","H","log",13,"12","Neutral","Clustering"
"3200d72c13efa93083fff4415f6c83d7","ad25ed359bba6ab5000832f4265978de",1,"19-25","Female","Some Undergraduate Courses","Yes","Prolific","bd5bdb06d41d12211476de91c279571d","1","t-H_n-H","H","H","linear",13,"15","Certain","Clustering"
"df16a1cc69c9e6becd0f338d287576d6","c7d4633e20c6675825484c0449b30849",1,"19-25","Male","Graduate Degree","Yes","Prolific","bd5bdb06d41d12211476de91c279571d","1","t-H_n-H","H","H","linear",13,"12","Uncertain","Clustering"
"0867b74927d015c2148a3ae9db6032ff","3b830a51247397de67f4fe8b1a57daf7",1,"19-25","Female","Graduate Degree","Yes","Prolific","2dfddc9b6373e3cebe2c5f7aa59ecb4e","2","t-M_n-M","M","M","linear",16,"4","Uncertain","Different shape"
"8d3aafee0e32806ded1de3df31c0a003","8ddbc9eb4ccf739af5025f90ded2dd81",1,"36-40","Male","Graduate Degree","Yes","Prolific","542189b4235951184f3a0e93d2041d76","1","t-E_n-E","E","E","log",20,"9","Very Certain","Different slope"
"d197ee894164ea4e517975e86278b2a9","161fb18feb95c75ae6b5287f8d897d6a",2,"26-30","Male","Some Undergraduate Courses","Yes","Prolific","2dfddc9b6373e3cebe2c5f7aa59ecb4e","2","t-M_n-M","M","M","log",16,"18","Neutral","Different shape, Outlier(s)"
"14459398888fbf697021e341458dd134","161fb18feb95c75ae6b5287f8d897d6a",2,"26-30","Male","Some Undergraduate Courses","Yes","Prolific","542189b4235951184f3a0e93d2041d76","1","t-E_n-E","E","E","log",20,"20","Uncertain","Clustering"
"59b6ec18eb1698e3fc87c3372dbd0092","f6d662c263f1573ba7f3edb0c4c7fa44",2,"31-35","Male","Undergraduate Degree","Yes","Prolific","62f44019f444085dcfb169bca38bd750","1","t-M_n-M","M","M","linear",13,"12","Certain","Different range, Different slope, Outlier(s)"
"b07cb7e53b51c979cc875fb416c79f44","f6d662c263f1573ba7f3edb0c4c7fa44",2,"31-35","Male","Undergraduate Degree","Yes","Prolific","682e0810a83a599ca26e514c3b7ed543","2","t-E_n-E","E","E","linear",18,"11","Certain","Different range, Outlier(s)"
"381e21dd67afe4adce2fe53a246cd77c","c4780fb362d0c80423b4c2a3479e19c7",4,"19-25","Male","Undergraduate Degree","Yes","Prolific","bd5bdb06d41d12211476de91c279571d","1","t-H_n-H","H","H","linear",13,"12","Neutral","Different range"
"3afd8a08e54caf8f476240e5f2e91cbe","c4780fb362d0c80423b4c2a3479e19c7",4,"19-25","Male","Undergraduate Degree","Yes","Prolific","2dfddc9b6373e3cebe2c5f7aa59ecb4e","2","t-M_n-M","M","M","log",16,"4","Certain","Outlier(s)"
"5b8ea5c57bd9ef79471cc8b576dca497","c4780fb362d0c80423b4c2a3479e19c7",4,"19-25","Male","Undergraduate Degree","Yes","Prolific","a74724d41c798fb43dd4a73336a93419","2","t-H_n-H","H","H","linear",1,"16","Certain","Outlier(s)"
"fa34d5817cbaba814d5ba300bfdefe8c","c4780fb362d0c80423b4c2a3479e19c7",4,"19-25","Male","Undergraduate Degree","Yes","Prolific","542189b4235951184f3a0e93d2041d76","1","t-E_n-E","E","E","log",20,"20","Certain","Different shape"
"fa34d5817cbaba814d5ba300bfdefe8c","c4780fb362d0c80423b4c2a3479e19c7",4,"19-25","Male","Undergraduate Degree","Yes","Prolific","542189b4235951184f3a0e93d2041d76","1","t-E_n-E","E","E","log",20,"9","Certain","Different shape"
"fa34d5817cbaba814d5ba300bfdefe8c","c4780fb362d0c80423b4c2a3479e19c7",4,"19-25","Male","Undergraduate Degree","Yes","Prolific","542189b4235951184f3a0e93d2041d76","1","t-E_n-E","E","E","log",20,"14","Certain","Different shape"
"5ded20a20f78da2dd8b8f053fd7582c3","d8ee9f2a3dbb8e0ed3e4adb7a5dd8536",1,"19-25","Male","High School or Less","Yes","Prolific","542189b4235951184f3a0e93d2041d76","1","t-E_n-E","E","E","log",20,"15","Certain","Different range, Outlier(s)"
"447940416881a18a31d5ce8c5b8f216c","f80419e083c3938140e3ac7bf8002c6b",1,"19-25","Male","Prefer not to answer","Yes","Prolific","682e0810a83a599ca26e514c3b7ed543","2","t-E_n-E","E","E","linear",18,"11","Uncertain","Different range"
"e251783bbe5d3a0f622d9daaad8befd0","7fdab92069a1cdc2e3606ab9180deaf4",1,"26-30","Male","Graduate Degree","Yes","Prolific","542189b4235951184f3a0e93d2041d76","1","t-E_n-E","E","E","log",20,"15","Certain","Outlier(s)"
"1473fecd8e81f7684db58cc2de45b758","e25460be2d1f0c9132c52fce6e648420",1,"31-35","Male","Graduate Degree","Yes","Prolific","542189b4235951184f3a0e93d2041d76","1","t-E_n-E","E","E","log",20,"20","Certain","Outlier(s)"
"c3f46f264aa53f3c66782afa89e24ec6","a189c43c6d7c1cd20c51b3dfbe801531",3,"26-30","Female","Graduate Degree","Yes","Prolific","2dfddc9b6373e3cebe2c5f7aa59ecb4e","2","t-M_n-M","M","M","log",16,"12","Neutral","Clustering"
"c3f46f264aa53f3c66782afa89e24ec6","a189c43c6d7c1cd20c51b3dfbe801531",3,"26-30","Female","Graduate Degree","Yes","Prolific","2dfddc9b6373e3cebe2c5f7aa59ecb4e","2","t-M_n-M","M","M","log",16,"5","Certain","Clustering"
"aae3b91a69b57cff9e35870856657203","a189c43c6d7c1cd20c51b3dfbe801531",3,"26-30","Female","Graduate Degree","Yes","Prolific","bd5bdb06d41d12211476de91c279571d","1","t-H_n-H","H","H","linear",13,"12","Neutral","Clustering"
"2fcc675526ddc5d4e454e854750037a2","2c08e0ef81d62c30a729d3e4450d16d4",2,"19-25","Male","Some Undergraduate Courses","Yes","Prolific","62f44019f444085dcfb169bca38bd750","1","t-M_n-M","M","M","log",13,"1","Uncertain","Clustering"
"e24cc97f80f19b9b4cda5dbde8a9f449","2c08e0ef81d62c30a729d3e4450d16d4",2,"19-25","Male","Some Undergraduate Courses","Yes","Prolific","a74724d41c798fb43dd4a73336a93419","2","t-H_n-H","H","H","log",1,"20","Uncertain","Different range"
"d55891714d675cc454c404f31174d635","53262be09e6863c1dc0f16da2efc1a7b",1,"19-25","Male","Undergraduate Degree","Yes","Prolific","542189b4235951184f3a0e93d2041d76","1","t-E_n-E","E","E","log",20,"4","Neutral","Clustering, Different shape, Outlier(s)"
"8eee7ba351e09edc3d70a4b71ce192ed","25afd3e021703ffdc582614cc84cacf9",1,"19-25","Male","Some Graduate Courses","Yes","Prolific","682e0810a83a599ca26e514c3b7ed543","2","t-E_n-E","E","E","linear",18,"14","Certain","Clustering"
"29b99d01b3705071f4ba176c06eed71d","f0b63735066e2aa429f553179a1304c8",3,"19-25","Male","Some Graduate Courses","Yes","Prolific","62f44019f444085dcfb169bca38bd750","1","t-M_n-M","M","M","linear",13,"4","Certain","Different range"
"ebd8341b5a27d7d8aa096ba0643b4193","f0b63735066e2aa429f553179a1304c8",3,"19-25","Male","Some Graduate Courses","Yes","Prolific","bd5bdb06d41d12211476de91c279571d","1","t-H_n-H","H","H","log",13,"20","Very Uncertain","Outlier(s)"
"d5268927c56f5514de142f512cdeab97","f0b63735066e2aa429f553179a1304c8",3,"19-25","Male","Some Graduate Courses","Yes","Prolific","542189b4235951184f3a0e93d2041d76","1","t-E_n-E","E","E","log",20,"10","Very Uncertain","Clustering"
"6cbd681ee7b07f1690aeeee3e244f5b0","23a4b63581bf8f767223e9e20258f026",1,"19-25","Male","Graduate Degree","Yes","Prolific","62f44019f444085dcfb169bca38bd750","1","t-M_n-M","M","M","linear",13,"4","Neutral","Outlier(s)"
"a6e201f4c4cf9b23b4241e2fdd241f51","33d83b921c8734223e8a7894163ce1fd",2,"19-25","Female","Some Undergraduate Courses","Yes","Prolific","a74724d41c798fb43dd4a73336a93419","2","t-H_n-H","H","H","linear",1,"17","Neutral","Outlier(s)"
"206e92bca7e824e01f9734d4b387b392","33d83b921c8734223e8a7894163ce1fd",2,"19-25","Female","Some Undergraduate Courses","Yes","Prolific","62f44019f444085dcfb169bca38bd750","1","t-M_n-M","M","M","linear",13,"15","Neutral","Clustering"
"ddb585dd02116dc71fb750508251953d","25025b6021a14bd3a7f245a9295cf8fb",1,"41-45","Female","Graduate Degree","No","Prolific","bd5bdb06d41d12211476de91c279571d","1","t-H_n-H","H","H","linear",13,"12","Certain","Clustering"
"601a5f7b9466eb6f5738727564188953","a0600a05cf09941710e9023921e93f0d",1,"","Male","Some Undergraduate Courses","Yes","Prolific","542189b4235951184f3a0e93d2041d76","1","t-E_n-E","E","E","log",20,"7","Certain","Clustering"
"4a9202bf48c48f8f56060b986b336f74","4c627f946ae081cda8aef5c5dd61df63",1,"26-30","Male","Graduate Degree","Yes","Prolific","bd5bdb06d41d12211476de91c279571d","1","t-H_n-H","H","H","linear",13,"12","Certain","Different range"
"3415d436cd70de24b7e30d16345dbc67","903fc9c4c7ddaf2e78d0604f5ba2f746",3,"19-25","Female","Prefer not to answer","Yes","Prolific","bd5bdb06d41d12211476de91c279571d","1","t-H_n-H","H","H","linear",13,"12","Neutral","Different shape"
"8db7be36b09d62001cfd49a0699f1738","903fc9c4c7ddaf2e78d0604f5ba2f746",3,"19-25","Female","Prefer not to answer","Yes","Prolific","682e0810a83a599ca26e514c3b7ed543","2","t-E_n-E","E","E","log",18,"13","Uncertain","Clustering, Different shape"
"3415d436cd70de24b7e30d16345dbc67","903fc9c4c7ddaf2e78d0604f5ba2f746",3,"19-25","Female","Prefer not to answer","Yes","Prolific","bd5bdb06d41d12211476de91c279571d","1","t-H_n-H","H","H","linear",13,"17","Uncertain","Different slope"
"3415d436cd70de24b7e30d16345dbc67","903fc9c4c7ddaf2e78d0604f5ba2f746",3,"19-25","Female","Prefer not to answer","Yes","Prolific","bd5bdb06d41d12211476de91c279571d","1","t-H_n-H","H","H","linear",13,"12","Uncertain","Different slope"
"e39568baf5adcee82f1cef23550e3c63","c77c12390b6196ab0cb0715b553610ca",1,"36-40","Male","Graduate Degree","Yes","Prolific","a74724d41c798fb43dd4a73336a93419","2","t-H_n-H","H","H","linear",1,"16","Certain","Clustering"
"669bfa8852b67b873b712ac900763c21","293e659f694781c54053eb995faa8c01",2,"19-25","Female","Graduate Degree","Yes","Prolific","a74724d41c798fb43dd4a73336a93419","2","t-H_n-H","H","H","linear",1,"12","Uncertain","Different range"
"081c7cf4493d0e59a5d4badeddbfb0f4","293e659f694781c54053eb995faa8c01",2,"19-25","Female","Graduate Degree","Yes","Prolific","bd5bdb06d41d12211476de91c279571d","1","t-H_n-H","H","H","linear",13,"12","Very Certain","Clustering"
"f0a4299fdbc798cdc242b09088c64ec6","9fda601faaa98e8a7b4b1e988c812375",1,"19-25","Male","Some Undergraduate Courses","Yes","Prolific","bd5bdb06d41d12211476de91c279571d","1","t-H_n-H","H","H","linear",13,"17","Certain","Clustering"
"762c777768eeea4ce9f8e6ef69ceec4e","2f8895054fdbdaddd262b5cad15320f7",1,"19-25","Male","High School or Less","Yes","Prolific","a74724d41c798fb43dd4a73336a93419","2","t-H_n-H","H","H","linear",1,"6","Certain","Different slope"
"069e3491d71d1142a9281a1f7c4e4e12","102ab22a740230336e63b5ae611bac51",1,"19-25","Male","Graduate Degree","No","Prolific","682e0810a83a599ca26e514c3b7ed543","2","t-E_n-E","E","E","linear",18,"19","Neutral","Different range"
"ef9f9160ae4a2cbc59c26a73f79b46c2","5f0b49c48f66dbac5cf255a22f183a57",2,"19-25","Female","Graduate Degree","Yes","Prolific","2dfddc9b6373e3cebe2c5f7aa59ecb4e","2","t-M_n-M","M","M","log",16,"5","Very Certain","Clustering, Outlier(s)"
"83b7aa63b6799c7519bf92ea9a871e24","5f0b49c48f66dbac5cf255a22f183a57",2,"19-25","Female","Graduate Degree","Yes","Prolific","bd5bdb06d41d12211476de91c279571d","1","t-H_n-H","H","H","linear",13,"12","Very Certain","Different slope"
"d709606fea1911064b7761fb7834b80f","2dfa910f99a4d1afe1a59072349efbcf",1,"26-30","Male","Undergraduate Degree","Yes","Prolific","bd5bdb06d41d12211476de91c279571d","1","t-H_n-H","H","H","linear",13,"13","Very Uncertain","Different slope"
"6ec1dbbc992d41c276a741ff4469bf43","8925541b627d21563031cace7ddd4a24",1,"26-30","Female","Some Graduate Courses","Yes","Prolific","bd5bdb06d41d12211476de91c279571d","1","t-H_n-H","H","H","linear",13,"12","Neutral","Clustering"
"f210b157247d1eeda6a818dc94f99637","a6431d1e8fe7bb40a2743050fc8e5173",2,"19-25","Male","High School or Less","Yes","Prolific","62f44019f444085dcfb169bca38bd750","1","t-M_n-M","M","M","log",13,"19","Very Uncertain","Clustering, Different slope"
"f210b157247d1eeda6a818dc94f99637","a6431d1e8fe7bb40a2743050fc8e5173",2,"19-25","Male","High School or Less","Yes","Prolific","62f44019f444085dcfb169bca38bd750","1","t-M_n-M","M","M","log",13,"15","Very Uncertain","Clustering, Different slope"
"dd98a3af7ed222d4f1d9aa031c257957","a6431d1e8fe7bb40a2743050fc8e5173",2,"19-25","Male","High School or Less","Yes","Prolific","682e0810a83a599ca26e514c3b7ed543","2","t-E_n-E","E","E","linear",18,"19","Neutral","Different range"
"78080ec5ddf6be947a88232cf733a53b","312cfb1dd87c9706b180e248246bdc77",2,"19-25","Male","High School or Less","Yes","Prolific","682e0810a83a599ca26e514c3b7ed543","2","t-E_n-E","E","E","log",18,"19","Neutral","Different range, Different shape"
"6bc8c361431390d8fca4bd2138c9859e","312cfb1dd87c9706b180e248246bdc77",2,"19-25","Male","High School or Less","Yes","Prolific","a74724d41c798fb43dd4a73336a93419","2","t-H_n-H","H","H","linear",1,"16","Uncertain","Clustering"
"32945118d846909c657056bba2a9dd53","23f8dd043b568702f044b9e79c43bffe",2,"26-30","Male","Undergraduate Degree","Yes","Prolific","682e0810a83a599ca26e514c3b7ed543","2","t-E_n-E","E","E","log",18,"17","Neutral","Different slope"
"89414feca66d9fe320950864d7aff6df","23f8dd043b568702f044b9e79c43bffe",2,"26-30","Male","Undergraduate Degree","Yes","Prolific","62f44019f444085dcfb169bca38bd750","1","t-M_n-M","M","M","log",13,"12","Certain","Different range, Different slope"
"cf34afa2230956e50a65d63264ea2b00","b1ad8fa00ec95f22bb4d00ec29688778",1,"41-45","Female","Graduate Degree","Yes","Prolific","a74724d41c798fb43dd4a73336a93419","2","t-H_n-H","H","H","linear",1,"5","Uncertain","Clustering"
"59a2f0c3931a54bb78f76ca1c76dfc94","ad1759a07481abb1aa664e0d70382222",2,"26-30","Male","Graduate Degree","Yes","Prolific","682e0810a83a599ca26e514c3b7ed543","2","t-E_n-E","E","E","log",18,"14","Very Certain","Clustering"
"8c5295a27379cd9753afa7bfa893fe70","ad1759a07481abb1aa664e0d70382222",2,"26-30","Male","Graduate Degree","Yes","Prolific","542189b4235951184f3a0e93d2041d76","1","t-E_n-E","E","E","linear",20,"16","Certain","Clustering, Outlier(s)"
"1deb13ab6eef57aa4323c64d4014fdd4","1b4a843acdecf002858ef0d253972c7d",2,"26-30","Female","Graduate Degree","No","Prolific","682e0810a83a599ca26e514c3b7ed543","2","t-E_n-E","E","E","linear",18,"11","Certain","Different slope"
"1deb13ab6eef57aa4323c64d4014fdd4","1b4a843acdecf002858ef0d253972c7d",2,"26-30","Female","Graduate Degree","No","Prolific","682e0810a83a599ca26e514c3b7ed543","2","t-E_n-E","E","E","linear",18,"19","Uncertain","Different slope"
"e78c0ef489de0778ae52402520078d0b","532167e7fcde0a4788b185e78604a1eb",2,"26-30","Male","Graduate Degree","Yes","Prolific","2dfddc9b6373e3cebe2c5f7aa59ecb4e","2","t-M_n-M","M","M","log",16,"7","Very Certain","Clustering"
"e78c0ef489de0778ae52402520078d0b","532167e7fcde0a4788b185e78604a1eb",2,"26-30","Male","Graduate Degree","Yes","Prolific","2dfddc9b6373e3cebe2c5f7aa59ecb4e","2","t-M_n-M","M","M","log",16,"5","Very Certain","Clustering"
"e78c0ef489de0778ae52402520078d0b","532167e7fcde0a4788b185e78604a1eb",2,"26-30","Male","Graduate Degree","Yes","Prolific","2dfddc9b6373e3cebe2c5f7aa59ecb4e","2","t-M_n-M","M","M","log",16,"20","Very Certain","Clustering"
"e78c0ef489de0778ae52402520078d0b","532167e7fcde0a4788b185e78604a1eb",2,"26-30","Male","Graduate Degree","Yes","Prolific","2dfddc9b6373e3cebe2c5f7aa59ecb4e","2","t-M_n-M","M","M","log",16,"18","Very Certain","Clustering"
"e78c0ef489de0778ae52402520078d0b","532167e7fcde0a4788b185e78604a1eb",2,"26-30","Male","Graduate Degree","Yes","Prolific","2dfddc9b6373e3cebe2c5f7aa59ecb4e","2","t-M_n-M","M","M","log",16,"16","Very Certain","Clustering"
"3cbe237ce5b4b3d3e4075af09e3500b8","532167e7fcde0a4788b185e78604a1eb",2,"26-30","Male","Graduate Degree","Yes","Prolific","682e0810a83a599ca26e514c3b7ed543","2","t-E_n-E","E","E","linear",18,"19","Very Certain","Different slope"
"fb91c305207bca0d0f38f0d4cb13e362","145ecd108263b8d3fe65b04341b0d1a5",2,"26-30","Male","Undergraduate Degree","Yes","Prolific","542189b4235951184f3a0e93d2041d76","1","t-E_n-E","E","E","linear",20,"20","Certain","Different slope, Outlier(s)"
"fb91c305207bca0d0f38f0d4cb13e362","145ecd108263b8d3fe65b04341b0d1a5",2,"26-30","Male","Undergraduate Degree","Yes","Prolific","542189b4235951184f3a0e93d2041d76","1","t-E_n-E","E","E","linear",20,"16","Certain","Different slope, Outlier(s)"
"fb91c305207bca0d0f38f0d4cb13e362","145ecd108263b8d3fe65b04341b0d1a5",2,"26-30","Male","Undergraduate Degree","Yes","Prolific","542189b4235951184f3a0e93d2041d76","1","t-E_n-E","E","E","linear",20,"1","Certain","Different slope, Outlier(s)"
"fb91c305207bca0d0f38f0d4cb13e362","145ecd108263b8d3fe65b04341b0d1a5",2,"26-30","Male","Undergraduate Degree","Yes","Prolific","542189b4235951184f3a0e93d2041d76","1","t-E_n-E","E","E","linear",20,"17","Certain","Different slope, Outlier(s)"
"13e3b59b813bb4e0de89a4ff1f717a14","145ecd108263b8d3fe65b04341b0d1a5",2,"26-30","Male","Undergraduate Degree","Yes","Prolific","682e0810a83a599ca26e514c3b7ed543","2","t-E_n-E","E","E","linear",18,"11","Very Certain","Different slope, Outlier(s)"
"13e3b59b813bb4e0de89a4ff1f717a14","145ecd108263b8d3fe65b04341b0d1a5",2,"26-30","Male","Undergraduate Degree","Yes","Prolific","682e0810a83a599ca26e514c3b7ed543","2","t-E_n-E","E","E","linear",18,"9","Very Certain","Different slope, Outlier(s)"
"d5fa066840022829d80ea5bc9e7e0304","ef42f9b549872565954fb19c601553c2",1,"26-30","Female","Graduate Degree","Yes","Prolific","542189b4235951184f3a0e93d2041d76","1","t-E_n-E","E","E","linear",20,"17","Neutral","Different range"
"d8b12f39303cdf3be0cc8d93c0b34276","d4b25dc6826c4a5b70169fd842e2face",1,"36-40","Male","Graduate Degree","Yes","Prolific","542189b4235951184f3a0e93d2041d76","1","t-E_n-E","E","E","linear",20,"17","Neutral","Outlier(s)"
"80dba99f7d2ace011f654cb76ac7ba98","3b2547a3dbee77e1f6030f5fe142142f",2,"26-30","Male","Graduate Degree","Yes","Prolific","542189b4235951184f3a0e93d2041d76","1","t-E_n-E","E","E","linear",20,"16","Uncertain","Clustering"
"b3e3afbdcd2f0429c239ceb5678740a3","3b2547a3dbee77e1f6030f5fe142142f",2,"26-30","Male","Graduate Degree","Yes","Prolific","62f44019f444085dcfb169bca38bd750","1","t-M_n-M","M","M","log",13,"13","Uncertain","Clustering"
"135fda5c9fbcf7b25d2be4f3192ee456","852c545cf690106c55a149f4f8f332e7",1,"46-50","Male","Undergraduate Degree","Yes","Prolific","682e0810a83a599ca26e514c3b7ed543","2","t-E_n-E","E","E","linear",18,"11","Very Certain","Different range, Outlier(s)"
"0b2e82402e4d93130336368d068b14fa","052856f62f66d3eeeab04ebfdadd1dad",2,"26-30","Female","Graduate Degree","Yes","Prolific","542189b4235951184f3a0e93d2041d76","1","t-E_n-E","E","E","log",20,"7","Certain","Outlier(s)"
"0b2e82402e4d93130336368d068b14fa","052856f62f66d3eeeab04ebfdadd1dad",2,"26-30","Female","Graduate Degree","Yes","Prolific","542189b4235951184f3a0e93d2041d76","1","t-E_n-E","E","E","log",20,"10","Certain","Outlier(s)"
"1cf2994a525c201816f4aeffe376ccb8","052856f62f66d3eeeab04ebfdadd1dad",2,"26-30","Female","Graduate Degree","Yes","Prolific","682e0810a83a599ca26e514c3b7ed543","2","t-E_n-E","E","E","linear",18,"7","Certain","Outlier(s)"
"bb8d6bb272c6d6b120a8daba97248feb","368274239d4d8a98df790495eb70f749",1,"56-60","Female","Undergraduate Degree","Yes","Prolific","542189b4235951184f3a0e93d2041d76","1","t-E_n-E","E","E","log",20,"9","Certain","Clustering"
"cf18ae370b966fee899747a83d84bfb2","394f6384845216ccc75fed8ddacdb359",3,"36-40","Female","Graduate Degree","Yes","Prolific","bd5bdb06d41d12211476de91c279571d","1","t-H_n-H","H","H","log",13,"1","Certain","Clustering"
"ed5dff838715beb3d63116e0fbab14de","394f6384845216ccc75fed8ddacdb359",3,"36-40","Female","Graduate Degree","Yes","Prolific","2dfddc9b6373e3cebe2c5f7aa59ecb4e","2","t-M_n-M","M","M","log",16,"4","Neutral","Different shape"
"b3ffa2b128136b43a02c107accad0fa1","394f6384845216ccc75fed8ddacdb359",3,"36-40","Female","Graduate Degree","Yes","Prolific","bd5bdb06d41d12211476de91c279571d","1","t-H_n-H","H","H","linear",13,"12","Certain","Clustering"
"af54ede8e9a2030ef6d59dee29dddb4d","34780d5db6ac57ec5891f98eb30e5a4a",1,"19-25","Female","Graduate Degree","Yes","Prolific","542189b4235951184f3a0e93d2041d76","1","t-E_n-E","E","E","log",20,"9","Certain","Clustering"
"624a76e5880d544d3575a2438f578aa3","ea60017f95ad124edbf3af02f2e5fda5",1,"19-25","Female","Graduate Degree","Yes","Prolific","542189b4235951184f3a0e93d2041d76","1","t-E_n-E","E","E","log",20,"20","Neutral","Different shape"
"3c2f08a3dd40c9d658b4b791a1dd8e4d","13c5754f63c2a39d037abfa95eba292d",2,"19-25","Female","Some Undergraduate Courses","No","Prolific","bd5bdb06d41d12211476de91c279571d","1","t-H_n-H","H","H","log",13,"17","Neutral","Clustering"
"5c95067a9219c0b84eff1b44aa226a79","13c5754f63c2a39d037abfa95eba292d",2,"19-25","Female","Some Undergraduate Courses","No","Prolific","2dfddc9b6373e3cebe2c5f7aa59ecb4e","2","t-M_n-M","M","M","linear",16,"5","Certain","Clustering"
"43c096b1add38c33fba1965cfa85d56c","50dee673cc261e2b97bae5e20c11c79d",2,"19-25","Female","Graduate Degree","Yes","Prolific","542189b4235951184f3a0e93d2041d76","1","t-E_n-E","E","E","log",20,"9","Neutral","Clustering"
"7cd19044e6c8e11c91c30d8d6788bc3e","50dee673cc261e2b97bae5e20c11c79d",2,"19-25","Female","Graduate Degree","Yes","Prolific","bd5bdb06d41d12211476de91c279571d","1","t-H_n-H","H","H","log",13,"18","Uncertain","Clustering"
"332ec6e378545132a4d22c5303f9134d","0c1e2aeecf1346c07426c819ad52e80a",2,"19-25","Male","Some Graduate Courses","Yes","Prolific","542189b4235951184f3a0e93d2041d76","1","t-E_n-E","E","E","log",20,"11","Neutral","Outlier(s)"
"bc286623462ef2a3951e7a34f796ef89","0c1e2aeecf1346c07426c819ad52e80a",2,"19-25","Male","Some Graduate Courses","Yes","Prolific","a74724d41c798fb43dd4a73336a93419","2","t-H_n-H","H","H","log",1,"17","Neutral","Outlier(s)"
"b895a0e64a63deeb57c41b7c01a65aca","b032842613b69b98a218ab933816100b",1,"26-30","Male","Undergraduate Degree","Yes","Prolific","bd5bdb06d41d12211476de91c279571d","1","t-H_n-H","H","H","linear",13,"12","Neutral","Clustering, Different shape, Different slope, Outlier(s)"
"4644bca74d9c77d79989f039b356038a","b665bcd05048e101476a631f84ea24da",2,"36-40","Male","Undergraduate Degree","Yes","Prolific","62f44019f444085dcfb169bca38bd750","1","t-M_n-M","M","M","log",13,"2","Neutral","Clustering"
"951338805c744e9e57f00e3db7808ceb","b665bcd05048e101476a631f84ea24da",2,"36-40","Male","Undergraduate Degree","Yes","Prolific","bd5bdb06d41d12211476de91c279571d","1","t-H_n-H","H","H","log",13,"12","Uncertain","Clustering"
"798509fb9228b90c73111bfcd3514970","f6562d0c644d90bc1d7d8dd24730cd4d",1,"26-30","Male","High School or Less","Yes","Prolific","2dfddc9b6373e3cebe2c5f7aa59ecb4e","2","t-M_n-M","M","M","linear",16,"6","Uncertain","Different range"
"52690e2415ab37dd0c19e7c2ba0494f1","9523715c0e3d0941a1e41126bc760dc4",1,"19-25","Male","Undergraduate Degree","Yes","Prolific","2dfddc9b6373e3cebe2c5f7aa59ecb4e","2","t-M_n-M","M","M","linear",16,"5","Neutral","Clustering"
"98fc94a27941e180ecec956680158890","41f4ee63b0a042b8a670185f84bcb30b",2,"","Female","Graduate Degree","Yes","Prolific","bd5bdb06d41d12211476de91c279571d","1","t-H_n-H","H","H","linear",13,"15","Neutral","Different range"
"c499be1db0faed8e09ea758fb17d69ba","41f4ee63b0a042b8a670185f84bcb30b",2,"","Female","Graduate Degree","Yes","Prolific","2dfddc9b6373e3cebe2c5f7aa59ecb4e","2","t-M_n-M","M","M","linear",16,"6","Uncertain","Different range, Different shape"
"c499be1db0faed8e09ea758fb17d69ba","41f4ee63b0a042b8a670185f84bcb30b",2,"","Female","Graduate Degree","Yes","Prolific","2dfddc9b6373e3cebe2c5f7aa59ecb4e","2","t-M_n-M","M","M","linear",16,"4","Uncertain","Different range, Different shape"
"c499be1db0faed8e09ea758fb17d69ba","41f4ee63b0a042b8a670185f84bcb30b",2,"","Female","Graduate Degree","Yes","Prolific","2dfddc9b6373e3cebe2c5f7aa59ecb4e","2","t-M_n-M","M","M","linear",16,"7","Uncertain","Different range, Different shape"
"8d88b8b3a8966528db1f5349e6a68aa7","e22c2ebf2d2734f9078b69c6f86b830a",2,"19-25","Female","Undergraduate Degree","Yes","Prolific","bd5bdb06d41d12211476de91c279571d","1","t-H_n-H","H","H","linear",13,"12","Certain","Clustering"
"952438c073bdf8dd85b0376e0e834926","e22c2ebf2d2734f9078b69c6f86b830a",2,"19-25","Female","Undergraduate Degree","Yes","Prolific","62f44019f444085dcfb169bca38bd750","1","t-M_n-M","M","M","linear",13,"4","Uncertain","Outlier(s)"
"0a81ad4b198de51da271de09de4b33aa","6e12cec9bc69cf2ddbcaed28d6f38cbf",1,"19-25","Male","Undergraduate Degree","Yes","Prolific","542189b4235951184f3a0e93d2041d76","1","t-E_n-E","E","E","log",20,"2","Certain","Clustering, Different shape"
"0a81ad4b198de51da271de09de4b33aa","6e12cec9bc69cf2ddbcaed28d6f38cbf",1,"19-25","Male","Undergraduate Degree","Yes","Prolific","542189b4235951184f3a0e93d2041d76","1","t-E_n-E","E","E","log",20,"1","Certain","Clustering, Different shape"
"0a81ad4b198de51da271de09de4b33aa","6e12cec9bc69cf2ddbcaed28d6f38cbf",1,"19-25","Male","Undergraduate Degree","Yes","Prolific","542189b4235951184f3a0e93d2041d76","1","t-E_n-E","E","E","log",20,"3","Certain","Clustering, Different shape"
"0a81ad4b198de51da271de09de4b33aa","6e12cec9bc69cf2ddbcaed28d6f38cbf",1,"19-25","Male","Undergraduate Degree","Yes","Prolific","542189b4235951184f3a0e93d2041d76","1","t-E_n-E","E","E","log",20,"15","Certain","Clustering, Different shape"
"9b3d70a88425faa3964394f8f1a0e82b","e5de29a8e54b8f6009618d151fd5591c",2,"46-50","Female","Graduate Degree","Yes","Prolific","a74724d41c798fb43dd4a73336a93419","2","t-H_n-H","H","H","linear",1,"9","Certain","Different slope"
"ccc1672e6c68990f7971229e8ecb2134","e5de29a8e54b8f6009618d151fd5591c",2,"46-50","Female","Graduate Degree","Yes","Prolific","a74724d41c798fb43dd4a73336a93419","2","t-H_n-H","H","H","log",1,"15","Certain","Clustering"
"e7f97f8da73dc3ff6eefc0e22e26ca72","68ca44e1cae1deae8d232f0e7ddc12f5",1,"26-30","Female","High School or Less","Yes","Prolific","542189b4235951184f3a0e93d2041d76","1","t-E_n-E","E","E","log",20,"3","Certain","Clustering, Different shape, Outlier(s)"
"e7f97f8da73dc3ff6eefc0e22e26ca72","68ca44e1cae1deae8d232f0e7ddc12f5",1,"26-30","Female","High School or Less","Yes","Prolific","542189b4235951184f3a0e93d2041d76","1","t-E_n-E","E","E","log",20,"10","Certain","Clustering, Different shape, Outlier(s)"
"e7f97f8da73dc3ff6eefc0e22e26ca72","68ca44e1cae1deae8d232f0e7ddc12f5",1,"26-30","Female","High School or Less","Yes","Prolific","542189b4235951184f3a0e93d2041d76","1","t-E_n-E","E","E","log",20,"11","Certain","Clustering, Different shape, Outlier(s)"
"e7f97f8da73dc3ff6eefc0e22e26ca72","68ca44e1cae1deae8d232f0e7ddc12f5",1,"26-30","Female","High School or Less","Yes","Prolific","542189b4235951184f3a0e93d2041d76","1","t-E_n-E","E","E","log",20,"20","Certain","Clustering, Different shape, Outlier(s)"
"e5c7e8da017d8f5719feb4a50e644e94","b2f5ec879c7f0cbed789df235b4850fa",1,"19-25","Male","High School or Less","Yes","Prolific","682e0810a83a599ca26e514c3b7ed543","2","t-E_n-E","E","E","log",18,"13","Uncertain","Different shape"
"b4c650ff9e9345595b31da67cb9a19d3","2165067493f1245f89841dbdd6e98227",1,"19-25","Female","Undergraduate Degree","Yes","Prolific","62f44019f444085dcfb169bca38bd750","1","t-M_n-M","M","M","linear",13,"4","Neutral","Different shape"
"a26147c7e1cfda5c4141f1811c7d2b32","97d5ecdde9c214934742193690a255dd",1,"19-25","Female","High School or Less","No","Prolific","a74724d41c798fb43dd4a73336a93419","2","t-H_n-H","H","H","log",1,"16","Uncertain","Other, lots of gaps"
"25d667c2e31aea2afe7200cbbb5b113e","d0138436b0734a7e844382a9b73b9607",3,"19-25","Male","Graduate Degree","Yes","Prolific","542189b4235951184f3a0e93d2041d76","1","t-E_n-E","E","E","linear",20,"3","Certain","Different slope"
"25d667c2e31aea2afe7200cbbb5b113e","d0138436b0734a7e844382a9b73b9607",3,"19-25","Male","Graduate Degree","Yes","Prolific","542189b4235951184f3a0e93d2041d76","1","t-E_n-E","E","E","linear",20,"10","Certain","Different slope"
"25d667c2e31aea2afe7200cbbb5b113e","d0138436b0734a7e844382a9b73b9607",3,"19-25","Male","Graduate Degree","Yes","Prolific","542189b4235951184f3a0e93d2041d76","1","t-E_n-E","E","E","linear",20,"12","Certain","Different slope"
"25d667c2e31aea2afe7200cbbb5b113e","d0138436b0734a7e844382a9b73b9607",3,"19-25","Male","Graduate Degree","Yes","Prolific","542189b4235951184f3a0e93d2041d76","1","t-E_n-E","E","E","linear",20,"11","Certain","Different slope"
"25d667c2e31aea2afe7200cbbb5b113e","d0138436b0734a7e844382a9b73b9607",3,"19-25","Male","Graduate Degree","Yes","Prolific","542189b4235951184f3a0e93d2041d76","1","t-E_n-E","E","E","linear",20,"16","Certain","Different slope"
"66aa89a9940ea1b072bf1d885d57a497","d0138436b0734a7e844382a9b73b9607",3,"19-25","Male","Graduate Degree","Yes","Prolific","a74724d41c798fb43dd4a73336a93419","2","t-H_n-H","H","H","linear",1,"5","Certain","Different range, Different slope"
"66aa89a9940ea1b072bf1d885d57a497","d0138436b0734a7e844382a9b73b9607",3,"19-25","Male","Graduate Degree","Yes","Prolific","a74724d41c798fb43dd4a73336a93419","2","t-H_n-H","H","H","linear",1,"6","Certain","Different range, Different slope"
"66aa89a9940ea1b072bf1d885d57a497","d0138436b0734a7e844382a9b73b9607",3,"19-25","Male","Graduate Degree","Yes","Prolific","a74724d41c798fb43dd4a73336a93419","2","t-H_n-H","H","H","linear",1,"13","Certain","Different range, Different slope"
"66aa89a9940ea1b072bf1d885d57a497","d0138436b0734a7e844382a9b73b9607",3,"19-25","Male","Graduate Degree","Yes","Prolific","a74724d41c798fb43dd4a73336a93419","2","t-H_n-H","H","H","linear",1,"12","Certain","Different range, Different slope"
"66aa89a9940ea1b072bf1d885d57a497","d0138436b0734a7e844382a9b73b9607",3,"19-25","Male","Graduate Degree","Yes","Prolific","a74724d41c798fb43dd4a73336a93419","2","t-H_n-H","H","H","linear",1,"20","Certain","Different range, Different slope"
"4fc3265450878197e0699504f0342367","d0138436b0734a7e844382a9b73b9607",3,"19-25","Male","Graduate Degree","Yes","Prolific","a74724d41c798fb43dd4a73336a93419","2","t-H_n-H","H","H","log",1,"2","Neutral","Different shape, Different slope"
"4fc3265450878197e0699504f0342367","d0138436b0734a7e844382a9b73b9607",3,"19-25","Male","Graduate Degree","Yes","Prolific","a74724d41c798fb43dd4a73336a93419","2","t-H_n-H","H","H","log",1,"7","Neutral","Different shape, Different slope"
"4fc3265450878197e0699504f0342367","d0138436b0734a7e844382a9b73b9607",3,"19-25","Male","Graduate Degree","Yes","Prolific","a74724d41c798fb43dd4a73336a93419","2","t-H_n-H","H","H","log",1,"13","Neutral","Different shape, Different slope"
"4fc3265450878197e0699504f0342367","d0138436b0734a7e844382a9b73b9607",3,"19-25","Male","Graduate Degree","Yes","Prolific","a74724d41c798fb43dd4a73336a93419","2","t-H_n-H","H","H","log",1,"18","Neutral","Different shape, Different slope"
"7adbc5d83f450be8ee448c258218faa3","0b78adf49eb3bd4f2db82cd7ea30bc2b",2,"31-35","Male","Some Graduate Courses","Yes","Prolific","2dfddc9b6373e3cebe2c5f7aa59ecb4e","2","t-M_n-M","M","M","linear",16,"7","Certain","Different range, Different slope"
"b5a18558ec2d519db82c6b8da82ad7c7","0b78adf49eb3bd4f2db82cd7ea30bc2b",2,"31-35","Male","Some Graduate Courses","Yes","Prolific","a74724d41c798fb43dd4a73336a93419","2","t-H_n-H","H","H","linear",1,"19","Certain","Clustering"
"9848ddfb9686f3fbe582020ff4d971d8","cbfaf6e80447007f3ba2ab3a2ff0095e",1,"19-25","Female","High School or Less","No","Prolific","542189b4235951184f3a0e93d2041d76","1","t-E_n-E","E","E","linear",20,"20","Uncertain","Different range"
"6cee02c4fb726d1f0ac5feebc39506ee","ae0fc107ee5d77e492965c9ec5916726",2,"19-25","Male","Undergraduate Degree","Yes","Prolific","2dfddc9b6373e3cebe2c5f7aa59ecb4e","2","t-M_n-M","M","M","linear",16,"9","Certain","Clustering, Different range, Different slope"
"5e0b49c363a19f8f691c4c40167a54c3","ae0fc107ee5d77e492965c9ec5916726",2,"19-25","Male","Undergraduate Degree","Yes","Prolific","a74724d41c798fb43dd4a73336a93419","2","t-H_n-H","H","H","log",1,"5","Certain","Clustering, Different slope"
"5e0b49c363a19f8f691c4c40167a54c3","ae0fc107ee5d77e492965c9ec5916726",2,"19-25","Male","Undergraduate Degree","Yes","Prolific","a74724d41c798fb43dd4a73336a93419","2","t-H_n-H","H","H","log",1,"10","Certain","Clustering, Different slope"
"5e0b49c363a19f8f691c4c40167a54c3","ae0fc107ee5d77e492965c9ec5916726",2,"19-25","Male","Undergraduate Degree","Yes","Prolific","a74724d41c798fb43dd4a73336a93419","2","t-H_n-H","H","H","log",1,"15","Certain","Clustering, Different slope"
"5e0b49c363a19f8f691c4c40167a54c3","ae0fc107ee5d77e492965c9ec5916726",2,"19-25","Male","Undergraduate Degree","Yes","Prolific","a74724d41c798fb43dd4a73336a93419","2","t-H_n-H","H","H","log",1,"20","Certain","Clustering, Different slope"
"5e0b49c363a19f8f691c4c40167a54c3","ae0fc107ee5d77e492965c9ec5916726",2,"19-25","Male","Undergraduate Degree","Yes","Prolific","a74724d41c798fb43dd4a73336a93419","2","t-H_n-H","H","H","log",1,"7","Certain","Clustering, Different slope"
"5e0b49c363a19f8f691c4c40167a54c3","ae0fc107ee5d77e492965c9ec5916726",2,"19-25","Male","Undergraduate Degree","Yes","Prolific","a74724d41c798fb43dd4a73336a93419","2","t-H_n-H","H","H","log",1,"8","Certain","Clustering, Different slope"
"ca76b4fc61a3ee5dc8017eccb2ab5198","6430c0749732809e73c1c571f939f796",1,"26-30","Male","Undergraduate Degree","Yes","Prolific","2dfddc9b6373e3cebe2c5f7aa59ecb4e","2","t-M_n-M","M","M","linear",16,"5","Very Certain","Clustering"
"810aea78973f64ac9a774a033a98d4d9","2a1833670afc9600f4a0e936ab7051d3",3,"19-25","Variant/Nonconforming","Some Graduate Courses","Yes","Prolific","2dfddc9b6373e3cebe2c5f7aa59ecb4e","2","t-M_n-M","M","M","linear",16,"5","Certain","Clustering"
"e20d9347907d1eb42cef2e3728e340d3","2a1833670afc9600f4a0e936ab7051d3",3,"19-25","Variant/Nonconforming","Some Graduate Courses","Yes","Prolific","a74724d41c798fb43dd4a73336a93419","2","t-H_n-H","H","H","linear",1,"16","Certain","Clustering"
"e20d9347907d1eb42cef2e3728e340d3","2a1833670afc9600f4a0e936ab7051d3",3,"19-25","Variant/Nonconforming","Some Graduate Courses","Yes","Prolific","a74724d41c798fb43dd4a73336a93419","2","t-H_n-H","H","H","linear",1,"19","Certain","Clustering"
"4626f22d22bde0cdc008d8ebd5e994a9","2a1833670afc9600f4a0e936ab7051d3",3,"19-25","Variant/Nonconforming","Some Graduate Courses","Yes","Prolific","a74724d41c798fb43dd4a73336a93419","2","t-H_n-H","H","H","log",1,"18","Uncertain","Different range"
"5e00add9dcb491cc2f4d63fb86a976c3","c6f68bff8bfa8d64a597bf53786e413a",1,"19-25","Female","Some Graduate Courses","No","Prolific","2dfddc9b6373e3cebe2c5f7aa59ecb4e","2","t-M_n-M","M","M","linear",16,"18","Neutral","Different slope"
"3029b7bbb0f1590e9b9e53a573649e5e","be28cde93616fe46ae21f3fe6c347580",1,"19-25","Female","High School or Less","Yes","Prolific","62f44019f444085dcfb169bca38bd750","1","t-M_n-M","M","M","linear",13,"11","Neutral","Clustering"
"eeee78db473609112b1b1d2421381324","5ca042157e0fc527c730f113a6569ca8",1,"19-25","Male","Some Graduate Courses","Yes","Prolific","a74724d41c798fb43dd4a73336a93419","2","t-H_n-H","H","H","linear",1,"12","Uncertain","Clustering"
"224cef2afc11b3a40500836a347a0c99","fc82bf9e2aca0cf9148d03b0354fc9e2",2,"26-30","Male","Graduate Degree","Yes","Prolific","2dfddc9b6373e3cebe2c5f7aa59ecb4e","2","t-M_n-M","M","M","linear",16,"7","Very Certain","Clustering"
"b87613b1475b65d9da6d8846a1ee2617","fc82bf9e2aca0cf9148d03b0354fc9e2",2,"26-30","Male","Graduate Degree","Yes","Prolific","a74724d41c798fb43dd4a73336a93419","2","t-H_n-H","H","H","linear",1,"5","Certain","Outlier(s)"
"dc0ad1f5d41d0a0d16bccbd03bff03ab","2542e2f52375dc2613a59af370505962",1,"19-25","Female","Graduate Degree","No","Prolific","a74724d41c798fb43dd4a73336a93419","2","t-H_n-H","H","H","linear",1,"17","Very Uncertain","Clustering"
"dce695c918332fc1f4dcf1304420302a","3c31458f1aeafb3549187894ebcd967a",1,"19-25","Male","Some Graduate Courses","Yes","Prolific","a74724d41c798fb43dd4a73336a93419","2","t-H_n-H","H","H","linear",1,"16","Uncertain","Different shape"
"8893a6788c75cbc2a0d82b67d9eeeb5b","2165067493f1245f89841dbdd6e98227",1,"19-25","Female","Undergraduate Degree","Yes","Prolific","2dfddc9b6373e3cebe2c5f7aa59ecb4e","2","t-M_n-M","M","M","log",16,"20","Neutral","Different shape"
"2fba10a1ed040604cf597c029b20898b","c3a3b724a5e078ba43a982818a8b9db0",2,"19-25","Female","Graduate Degree","Yes","Prolific","2dfddc9b6373e3cebe2c5f7aa59ecb4e","2","t-M_n-M","M","M","log",16,"4","Neutral","Clustering"
"2fba10a1ed040604cf597c029b20898b","c3a3b724a5e078ba43a982818a8b9db0",2,"19-25","Female","Graduate Degree","Yes","Prolific","2dfddc9b6373e3cebe2c5f7aa59ecb4e","2","t-M_n-M","M","M","log",16,"5","Neutral","Clustering"
"2fba10a1ed040604cf597c029b20898b","c3a3b724a5e078ba43a982818a8b9db0",2,"19-25","Female","Graduate Degree","Yes","Prolific","2dfddc9b6373e3cebe2c5f7aa59ecb4e","2","t-M_n-M","M","M","log",16,"7","Neutral","Clustering"
"980555181bf3f47b63de4ae297b63cf6","c3a3b724a5e078ba43a982818a8b9db0",2,"19-25","Female","Graduate Degree","Yes","Prolific","682e0810a83a599ca26e514c3b7ed543","2","t-E_n-E","E","E","linear",18,"7","Neutral","Different range"
"b790287c6c201471929b1766e5ac1abd","0d8d494e5d7c46d17a2bd041948806eb",2,"26-30","Male","Undergraduate Degree","Yes","Prolific","682e0810a83a599ca26e514c3b7ed543","2","t-E_n-E","E","E","linear",18,"20","Neutral","Different shape"
"6a926900107b88eb1d90f793cd1b0781","0d8d494e5d7c46d17a2bd041948806eb",2,"26-30","Male","Undergraduate Degree","Yes","Prolific","682e0810a83a599ca26e514c3b7ed543","2","t-E_n-E","E","E","log",18,"18","Neutral","Different shape"
"e4981dbcb901cee3d89a61ed041ba402","cdb5a1bb146b1dcfabc640212dcb3ad3",2,"19-25","Male","Some Graduate Courses","Yes","Prolific","682e0810a83a599ca26e514c3b7ed543","2","t-E_n-E","E","E","linear",18,"11","Certain","Different range"
"e4981dbcb901cee3d89a61ed041ba402","cdb5a1bb146b1dcfabc640212dcb3ad3",2,"19-25","Male","Some Graduate Courses","Yes","Prolific","682e0810a83a599ca26e514c3b7ed543","2","t-E_n-E","E","E","linear",18,"16","Certain","Different range"
"42a4d0881f340067c75cd4a3724b679a","cdb5a1bb146b1dcfabc640212dcb3ad3",2,"19-25","Male","Some Graduate Courses","Yes","Prolific","682e0810a83a599ca26e514c3b7ed543","2","t-E_n-E","E","E","log",18,"11","Uncertain","Different range"
"205d8533ad4662e12e82da1e9fa5c546","f1091d7f85986c8b72a1540f00792618",2,"19-25","Male","Undergraduate Degree","Yes","Prolific","bd5bdb06d41d12211476de91c279571d","1","t-H_n-H","H","H","log",13,"6","Neutral","Clustering"
"205d8533ad4662e12e82da1e9fa5c546","f1091d7f85986c8b72a1540f00792618",2,"19-25","Male","Undergraduate Degree","Yes","Prolific","bd5bdb06d41d12211476de91c279571d","1","t-H_n-H","H","H","log",13,"11","Neutral","Clustering"
"42a7914b993cb26f379dffb7db473a35","f1091d7f85986c8b72a1540f00792618",2,"19-25","Male","Undergraduate Degree","Yes","Prolific","682e0810a83a599ca26e514c3b7ed543","2","t-E_n-E","E","E","log",18,"14","Neutral","Outlier(s)"
"42a7914b993cb26f379dffb7db473a35","f1091d7f85986c8b72a1540f00792618",2,"19-25","Male","Undergraduate Degree","Yes","Prolific","682e0810a83a599ca26e514c3b7ed543","2","t-E_n-E","E","E","log",18,"19","Neutral","Outlier(s)"
"a10614a497443569cd3cbbdb8881bbfa","af351a4cff12ef3a39d4d9b90c1b5ea8",1,"Over 60","Male","High School or Less","No","Prolific","2dfddc9b6373e3cebe2c5f7aa59ecb4e","2","t-M_n-M","M","M","linear",16,"20","Neutral","Clustering, Different shape"
"796c0fa10c8326bef8a26e81ad428936","5d8703904fc528cf3ca7ec3f89fa806c",2,"19-25","Female","Some Undergraduate Courses","Yes","Prolific","bd5bdb06d41d12211476de91c279571d","1","t-H_n-H","H","H","log",13,"12","Neutral","Clustering, Different range"
"a5af9089dd352448ce93e953d0f85867","5d8703904fc528cf3ca7ec3f89fa806c",2,"19-25","Female","Some Undergraduate Courses","Yes","Prolific","682e0810a83a599ca26e514c3b7ed543","2","t-E_n-E","E","E","log",18,"5","Neutral","Clustering, Outlier(s)"
"19bda63daa5dea1713c7daad32a28c5e","7f475c2ea0940f6ab372994b16b1d335",1,"36-40","Male","Prefer not to answer","Yes","Prolific","682e0810a83a599ca26e514c3b7ed543","2","t-E_n-E","E","E","log",18,"11","Neutral","Clustering, Different shape, Different slope"
"207be745d250ea4436acfd11bef5d5df","e9ea9875fe4c8941bc93c81cf59979c0",1,"19-25","Female","Some Graduate Courses","Yes","Prolific","682e0810a83a599ca26e514c3b7ed543","2","t-E_n-E","E","E","log",18,"8","Neutral","Outlier(s)"
"9680569a513963f264783c2e5c8da5dd","b197cd5ee399484d36023056b3e23b5d",1,"36-40","Female","Undergraduate Degree","Yes","Prolific","682e0810a83a599ca26e514c3b7ed543","2","t-E_n-E","E","E","linear",18,"11","Neutral","Different shape"
"3517e50ec5cffd1ce9ad0e460e9e4084","b66d28881ee9e1dc5bc743b5f5237c21",1,"36-40","Male","Graduate Degree","Yes","Prolific","542189b4235951184f3a0e93d2041d76","1","t-E_n-E","E","E","log",20,"9","Very Uncertain","Clustering"
"799746b05cf98ff7425202c03492a1b3","f7a489bae837387534a97d867fd310b9",2,"26-30","Male","Graduate Degree","Yes","Prolific","a74724d41c798fb43dd4a73336a93419","2","t-H_n-H","H","H","log",1,"18","Uncertain","Clustering"
"9c6ee5236d765784219ec74cda8b45ad","f7a489bae837387534a97d867fd310b9",2,"26-30","Male","Graduate Degree","Yes","Prolific","2dfddc9b6373e3cebe2c5f7aa59ecb4e","2","t-M_n-M","M","M","log",16,"7","Neutral","Clustering, Outlier(s)"
"d4ae9cce4509fb8b40ac55b191f4eb77","1ccc6fd00f3e82797a1fa9871c057fd3",2,"19-25","Male","Graduate Degree","Yes","Prolific","682e0810a83a599ca26e514c3b7ed543","2","t-E_n-E","E","E","linear",18,"14","Neutral","Clustering"
"5804163b2bb64db4f53b2691c0b7147f","1ccc6fd00f3e82797a1fa9871c057fd3",2,"19-25","Male","Graduate Degree","Yes","Prolific","2dfddc9b6373e3cebe2c5f7aa59ecb4e","2","t-M_n-M","M","M","log",16,"7","Uncertain","Outlier(s)"
"a0603bf4f319e36f73ed676f4b7518d8","8cdebd08938729bc254851e7eff23294",2,"36-40","Male","Graduate Degree","Yes","Prolific","a74724d41c798fb43dd4a73336a93419","2","t-H_n-H","H","H","log",1,"18","Certain","Different shape"
"03c8ba953fb7eae7c856ff9656617de8","8cdebd08938729bc254851e7eff23294",2,"36-40","Male","Graduate Degree","Yes","Prolific","2dfddc9b6373e3cebe2c5f7aa59ecb4e","2","t-M_n-M","M","M","log",16,"2","Neutral","Different range"
"959748c9dd276e590eebad01fa64c599","8f8316acd725cd828958c9520b0497bd",1,"26-30","Male","Graduate Degree","Yes","Prolific","a74724d41c798fb43dd4a73336a93419","2","t-H_n-H","H","H","log",1,"19","Neutral","Different shape, Different slope"
"f7672df18f113416ddb9d272203ed0bc","5a0631344d29a898744786ec47354614",2,"19-25","Female","Undergraduate Degree","Yes","Prolific","62f44019f444085dcfb169bca38bd750","1","t-M_n-M","M","M","log",13,"11","Uncertain","Different shape"
"3476a0ed23d08ef40d20d1162e750080","5a0631344d29a898744786ec47354614",2,"19-25","Female","Undergraduate Degree","Yes","Prolific","a74724d41c798fb43dd4a73336a93419","2","t-H_n-H","H","H","log",1,"19","Very Certain","Different slope"
"863c313d17ff88cebc3cc41f06a1dd7b","b5e4e099b1b8428e241f5142b6c7db5b",1,"26-30","Male","Some Undergraduate Courses","Yes","Prolific","a74724d41c798fb43dd4a73336a93419","2","t-H_n-H","H","H","linear",1,"5","Neutral","Clustering, Different range"
"863c313d17ff88cebc3cc41f06a1dd7b","b5e4e099b1b8428e241f5142b6c7db5b",1,"26-30","Male","Some Undergraduate Courses","Yes","Prolific","a74724d41c798fb43dd4a73336a93419","2","t-H_n-H","H","H","linear",1,"20","Neutral","Clustering, Different range"
"9fa9315ea897f0fd2aec3f27aaa98763","7e253ee2e500eb504dd9dc29e91018f0",1,"41-45","Male","High School or Less","Yes","Prolific","bd5bdb06d41d12211476de91c279571d","1","t-H_n-H","H","H","log",13,"15","Neutral","Clustering"
"2f6a648b72d54209f4daf675f50f608a","7193582ca5140512ab7876cac8b52d1e",1,"26-30","Male","Graduate Degree","Yes","Prolific","bd5bdb06d41d12211476de91c279571d","1","t-H_n-H","H","H","log",13,"2","Neutral","Clustering"
"833cad3bdecb5aaa5bb5a344a08c03b5","b66d28881ee9e1dc5bc743b5f5237c21",1,"36-40","Male","Graduate Degree","Yes","Prolific","2dfddc9b6373e3cebe2c5f7aa59ecb4e","2","t-M_n-M","M","M","log",16,"18","Neutral","Clustering, Different shape"
"991375866bdf14484b6434aae5242d82","b2130de6830595e135d99843c9313ba2",1,"19-25","Male","Graduate Degree","Yes","Prolific","a74724d41c798fb43dd4a73336a93419","2","t-H_n-H","H","H","linear",1,"6","Uncertain","Clustering"
"d7784a75dc676dc3a0ff5bf574f3181e","938f00755e35ac068da96a12901a246b",1,"19-25","Male","High School or Less","Yes","Prolific","bd5bdb06d41d12211476de91c279571d","1","t-H_n-H","H","H","log",13,"12","Uncertain","Different range"
"1414e40219fabfa7a23aed7f60f9454f","721a945b4cf82d3fb260f5b999f2b283",2,"26-30","Female","Undergraduate Degree","No","Prolific","bd5bdb06d41d12211476de91c279571d","1","t-H_n-H","H","H","log",13,"12","Neutral","Clustering, Different shape, Different slope"
"f7c90243e2eee9f381db16e4d2605694","721a945b4cf82d3fb260f5b999f2b283",2,"26-30","Female","Undergraduate Degree","No","Prolific","a74724d41c798fb43dd4a73336a93419","2","t-H_n-H","H","H","linear",1,"5","Uncertain","Clustering, Different slope"
"f5f1cc5677d5b6d5b7aebe50be2d30c2","7d72eb8f96c29d7f03987e0b951c5177",1,"19-25","Male","Some Graduate Courses","Yes","Prolific","bd5bdb06d41d12211476de91c279571d","1","t-H_n-H","H","H","log",13,"2","Certain","Different shape"
"c6ef681ac29ed15529c027de4c968af8","cb52d3b330a7d4929d3d8f1556d655d0",1,"26-30","Male","Some Undergraduate Courses","No","Prolific","bd5bdb06d41d12211476de91c279571d","1","t-H_n-H","H","H","linear",13,"2","Certain","Different range"
"615d11bcfdbcd3e3589e64779df66046","72b14ae66abc33f9c68b73c12b77a155",1,"26-30","Female","Some Undergraduate Courses","Yes","Prolific","bd5bdb06d41d12211476de91c279571d","1","t-H_n-H","H","H","linear",13,"12","Neutral","Clustering, Different range"
"e1501ff3a50381beb41c403850e3a2d1","457896bd8a82cb0d08895e1a8b76294c",1,"31-35","Female","Graduate Degree","Yes","Prolific","bd5bdb06d41d12211476de91c279571d","1","t-H_n-H","H","H","linear",13,"7","Neutral","Outlier(s)"
"72f6324d16c73780f3d3df870b6f6285","57fb162526a84c2b1977b915c54044aa",2,"31-35","Male","Graduate Degree","Yes","Prolific","bd5bdb06d41d12211476de91c279571d","1","t-H_n-H","H","H","log",13,"17","Certain","Clustering"
"ca45d99953b1210a2459a0f9c7794f99","57fb162526a84c2b1977b915c54044aa",2,"31-35","Male","Graduate Degree","Yes","Prolific","542189b4235951184f3a0e93d2041d76","1","t-E_n-E","E","E","linear",20,"3","Uncertain","Clustering"
"1fd5caf3157cd10adb5a5c55f4bf22fb","990b754acff09dba2fd3909861323a30",1,"26-30","Male","Graduate Degree","Yes","Prolific","bd5bdb06d41d12211476de91c279571d","1","t-H_n-H","H","H","linear",13,"19","Certain","Different shape"
"f960f5b088518ce97e1a47a995d4ce35","220b50149195225323fcd39e10cd5179",1,"19-25","Male","Undergraduate Degree","Yes","Prolific","2dfddc9b6373e3cebe2c5f7aa59ecb4e","2","t-M_n-M","M","M","linear",16,"7","Uncertain","Clustering, Different range"
"4ed33e187e53b7c6fd707f1912cd6cbd","71773a5357b8c5b1fde1464682849b2c",1,"31-35","Female","Graduate Degree","Yes","Prolific","2dfddc9b6373e3cebe2c5f7aa59ecb4e","2","t-M_n-M","M","M","linear",16,"9","Neutral","Different range"
"24c1896fff2f1cad809be7c29f260e46","a2a8b8498b401bfeee0fb58a7b88d807",1,"19-25","Female","Undergraduate Degree","Yes","Prolific","a74724d41c798fb43dd4a73336a93419","2","t-H_n-H","H","H","linear",1,"16","Certain","Outlier(s)"
"7c267286361f817e71f9783ab1c74477","521d5dac8dbf7101d3a9a679f581bb97",1,"19-25","Female","Some Graduate Courses","Yes","Prolific","a74724d41c798fb43dd4a73336a93419","2","t-H_n-H","H","H","linear",1,"6","Certain","Clustering"
"a439229930c0be6dcc2223befcccd22a","80a682ceac993d3804cc9c71ea3fff32",2,"41-45","Male","Undergraduate Degree","Yes","Prolific","682e0810a83a599ca26e514c3b7ed543","2","t-E_n-E","E","E","log",18,"14","Neutral","Outlier(s)"
"9a0ff8d39cf6f4640233ea62a7aa9909","80a682ceac993d3804cc9c71ea3fff32",2,"41-45","Male","Undergraduate Degree","Yes","Prolific","a74724d41c798fb43dd4a73336a93419","2","t-H_n-H","H","H","linear",1,"3","Uncertain","Clustering"
"32c348c154bf008e37535c436558ddea","96002fca5fdb4a7841976d8e17659362",2,"31-35","Male","Some Undergraduate Courses","Yes","Prolific","682e0810a83a599ca26e514c3b7ed543","2","t-E_n-E","E","E","log",18,"20","Uncertain","Clustering"
"a3074e88df439c62f4baf2ffbb9b518e","96002fca5fdb4a7841976d8e17659362",2,"31-35","Male","Some Undergraduate Courses","Yes","Prolific","a74724d41c798fb43dd4a73336a93419","2","t-H_n-H","H","H","linear",1,"16","Neutral","Clustering"
"9e931c56941d1715b7992de889409249","8a4f57fff953729354e95bbda3a11d89",3,"26-30","Male","Undergraduate Degree","Yes","Prolific","682e0810a83a599ca26e514c3b7ed543","2","t-E_n-E","E","E","log",18,"14","Uncertain","Clustering"
"440cb09efaba521225c0694c4e4600b0","8a4f57fff953729354e95bbda3a11d89",3,"26-30","Male","Undergraduate Degree","Yes","Prolific","a74724d41c798fb43dd4a73336a93419","2","t-H_n-H","H","H","linear",1,"9","Very Uncertain","Outlier(s)"
"bf2b6b73fe037387026751318d2dee7b","8a4f57fff953729354e95bbda3a11d89",3,"26-30","Male","Undergraduate Degree","Yes","Prolific","bd5bdb06d41d12211476de91c279571d","1","t-H_n-H","H","H","log",13,"15","Uncertain","Outlier(s)"
"56630921b160d5137a41137903ed3d00","ba75aaed2ff128d2772a255d01e28a22",1,"19-25","Male","High School or Less","Yes","Prolific","bd5bdb06d41d12211476de91c279571d","1","t-H_n-H","H","H","linear",13,"2","Uncertain","Different range"
"56630921b160d5137a41137903ed3d00","ba75aaed2ff128d2772a255d01e28a22",1,"19-25","Male","High School or Less","Yes","Prolific","bd5bdb06d41d12211476de91c279571d","1","t-H_n-H","H","H","linear",13,"15","Uncertain","Different range"
"67308b10d28c946957af4ac802da16de","b9e7c4eb8a73ffaaca95bfe85ea8977b",1,"36-40","Male","Undergraduate Degree","Yes","Prolific","bd5bdb06d41d12211476de91c279571d","1","t-H_n-H","H","H","log",13,"15","Neutral","Clustering"
"ff29d783c70b06ea29265c33df694ed2","80d74726f39bdb4c0b34de465629f6cd",3,"56-60","Female","Undergraduate Degree","Yes","Prolific","682e0810a83a599ca26e514c3b7ed543","2","t-E_n-E","E","E","log",18,"11","Uncertain","Different range"
"5cbe3cc89e002fd9b933f3ff1124806a","80d74726f39bdb4c0b34de465629f6cd",3,"56-60","Female","Undergraduate Degree","Yes","Prolific","a74724d41c798fb43dd4a73336a93419","2","t-H_n-H","H","H","linear",1,"16","Uncertain","Clustering"
"c8b04e51b55cee904e21a353e8e25dd2","80d74726f39bdb4c0b34de465629f6cd",3,"56-60","Female","Undergraduate Degree","Yes","Prolific","2dfddc9b6373e3cebe2c5f7aa59ecb4e","2","t-M_n-M","M","M","log",16,"5","Neutral","Clustering"
"9e300e166681da3d4ccaa79a6c6a7116","aee264dfdf188c208d86b0473685049e",2,"19-25","Female","Undergraduate Degree","Yes","Prolific","bd5bdb06d41d12211476de91c279571d","1","t-H_n-H","H","H","log",13,"17","Certain","Clustering"
"663bd80903de9014b154b0a08d183500","aee264dfdf188c208d86b0473685049e",2,"19-25","Female","Undergraduate Degree","Yes","Prolific","62f44019f444085dcfb169bca38bd750","1","t-M_n-M","M","M","linear",13,"4","Certain","Clustering"
"059cfbe4f9a78104c9bf989a70fd424d","525c3e1e9ee39eb60222756f7f535b53",1,"19-25","Variant/Nonconforming","Graduate Degree","Yes","Prolific","2dfddc9b6373e3cebe2c5f7aa59ecb4e","2","t-M_n-M","M","M","linear",16,"20","Uncertain","Different shape, Different slope"
"ebc61e207085be939f1075c84aece7ef","100777b044e21d9f67003a5accf4de1b",3,"51-55","Female","High School or Less","Yes","Prolific","62f44019f444085dcfb169bca38bd750","1","t-M_n-M","M","M","linear",13,"12","Neutral","Different range"
"142e5fe9f2f4123e2e5bdd49779f671c","100777b044e21d9f67003a5accf4de1b",3,"51-55","Female","High School or Less","Yes","Prolific","2dfddc9b6373e3cebe2c5f7aa59ecb4e","2","t-M_n-M","M","M","log",16,"7","Neutral","Clustering"
"9269a5fef09bdfeb921e71f85095a490","100777b044e21d9f67003a5accf4de1b",3,"51-55","Female","High School or Less","Yes","Prolific","542189b4235951184f3a0e93d2041d76","1","t-E_n-E","E","E","log",20,"20","Uncertain","Clustering"
"0e4e38a766fe792f48c09e8c334f3b05","aaec03842a8e023a6039d653eab4c788",1,"26-30","Male","Graduate Degree","Yes","Prolific","a74724d41c798fb43dd4a73336a93419","2","t-H_n-H","H","H","linear",1,"20","Very Uncertain","Clustering"
"c141ff2f00f30eff42e3e129ca7ba34b","4b79700054b1d091c9a55fb3718a61b7",3,"26-30","Female","Graduate Degree","Yes","Prolific","542189b4235951184f3a0e93d2041d76","1","t-E_n-E","E","E","linear",20,"16","Uncertain","Clustering"
"bcf40b84ee9fb26a2cea2cf21b34b444","4b79700054b1d091c9a55fb3718a61b7",3,"26-30","Female","Graduate Degree","Yes","Prolific","bd5bdb06d41d12211476de91c279571d","1","t-H_n-H","H","H","log",13,"12","Very Uncertain","Clustering"
"164b92c8aee2250a62644328782129af","4b79700054b1d091c9a55fb3718a61b7",3,"26-30","Female","Graduate Degree","Yes","Prolific","62f44019f444085dcfb169bca38bd750","1","t-M_n-M","M","M","linear",13,"2","Very Uncertain","Clustering"
"af1f50e285f9493fe184b9f1a48e8f0b","3c66c0218a1b95756b9df2ba1f2c84b9",1,"31-35","Female","Graduate Degree","Yes","Prolific","bd5bdb06d41d12211476de91c279571d","1","t-H_n-H","H","H","linear",13,"12","Certain","Different range"
"89b4b462a8bc7dc858e917b941b1d67e","d624a653083064bcc55b3d20f8b74f25",2,"31-35","Female","Some Undergraduate Courses","Yes","Prolific","62f44019f444085dcfb169bca38bd750","1","t-M_n-M","M","M","linear",13,"12","Uncertain","Different slope"
"c59edc55f03b532127ab75af5486c18a","d624a653083064bcc55b3d20f8b74f25",2,"31-35","Female","Some Undergraduate Courses","Yes","Prolific","2dfddc9b6373e3cebe2c5f7aa59ecb4e","2","t-M_n-M","M","M","linear",16,"7","Uncertain","Clustering"
"e76bb6c34b6a9d40b4d516cb0ccb3594","78095c79488a882e34fbb31aba424545",1,"26-30","Male","Graduate Degree","Yes","Prolific","542189b4235951184f3a0e93d2041d76","1","t-E_n-E","E","E","linear",20,"7","Certain","Different slope"
"719b19a831cc30ea76ba77015b575692","0260b1bbcc46d039108d7a7a120bfd93",2,"26-30","Female","Graduate Degree","Yes","Prolific","542189b4235951184f3a0e93d2041d76","1","t-E_n-E","E","E","linear",20,"17","Certain","Outlier(s)"
"4bfecdf44e4f16fefb356d7883135a21","0260b1bbcc46d039108d7a7a120bfd93",2,"26-30","Female","Graduate Degree","Yes","Prolific","bd5bdb06d41d12211476de91c279571d","1","t-H_n-H","H","H","log",13,"12","Neutral","Clustering"
"97487f869ab23faa0374ca18f563d7f5","78bd94e73984a517eadd539abea8865b",3,"19-25","Male","Undergraduate Degree","Yes","Prolific","62f44019f444085dcfb169bca38bd750","1","t-M_n-M","M","M","linear",13,"12","Very Certain","Different range"
"97487f869ab23faa0374ca18f563d7f5","78bd94e73984a517eadd539abea8865b",3,"19-25","Male","Undergraduate Degree","Yes","Prolific","62f44019f444085dcfb169bca38bd750","1","t-M_n-M","M","M","linear",13,"12","Uncertain","Different range"
"81b055747838cb66b33dd90c2dbd7fa3","78bd94e73984a517eadd539abea8865b",3,"19-25","Male","Undergraduate Degree","Yes","Prolific","2dfddc9b6373e3cebe2c5f7aa59ecb4e","2","t-M_n-M","M","M","linear",16,"10","Uncertain","Clustering"
"d41e3aaeb23c547ad69198c1f54676d4","0882c5a53ea4c278ff08aa5448e539e8",3,"31-35","Female","Graduate Degree","Yes","Prolific","62f44019f444085dcfb169bca38bd750","1","t-M_n-M","M","M","linear",13,"12","Certain","Different range"
"d41e3aaeb23c547ad69198c1f54676d4","0882c5a53ea4c278ff08aa5448e539e8",3,"31-35","Female","Graduate Degree","Yes","Prolific","62f44019f444085dcfb169bca38bd750","1","t-M_n-M","M","M","linear",13,"20","Neutral","Outlier(s)"
"e09570aaf7b3c29d7d8f398af178ba7c","0882c5a53ea4c278ff08aa5448e539e8",3,"31-35","Female","Graduate Degree","Yes","Prolific","2dfddc9b6373e3cebe2c5f7aa59ecb4e","2","t-M_n-M","M","M","linear",16,"6","Neutral","Clustering"
"facc9e4ffe474d7f6a1381a036162ffb","a591e5209a2afe3c325b97c89cbbd723",1,"36-40","Female","Undergraduate Degree","Yes","Prolific","682e0810a83a599ca26e514c3b7ed543","2","t-E_n-E","E","E","linear",18,"2","Uncertain","Clustering"
"bfc3a67b45092d5ee8e057ea1804d09f","1b1bc71eeb0097d0bb0bd407af878bab",1,"19-25","Female","Undergraduate Degree","Yes","Prolific","682e0810a83a599ca26e514c3b7ed543","2","t-E_n-E","E","E","linear",18,"2","Neutral","Different shape"
"87035e56403c7ce279ed4c824e79bcf0","2b3eccd5e24d392d3613fdd7f4793fb4",1,"31-35","Male","Graduate Degree","Yes","Prolific","682e0810a83a599ca26e514c3b7ed543","2","t-E_n-E","E","E","linear",18,"14","Certain","Different shape, Outlier(s)"
"c7b68ee8088f585a0c293991601feca4","908ac2e239979151eb1e54eac1b54d10",1,"36-40","Male","Graduate Degree","Yes","Prolific","682e0810a83a599ca26e514c3b7ed543","2","t-E_n-E","E","E","linear",18,"7","Very Uncertain","Clustering"
"d394880b43b66750da4056c70310c7e2","d9e98b327b4e59cd58a1b48103418654",1,"19-25","Female","Graduate Degree","Yes","Prolific","682e0810a83a599ca26e514c3b7ed543","2","t-E_n-E","E","E","linear",18,"19","Uncertain","Different range"
"cbefae42afcc9679815939472813e63c","b76d8b50e7ef5217e7370eb527e8ffbb",1,"Over 60","Female","Some Graduate Courses","Yes","Prolific","682e0810a83a599ca26e514c3b7ed543","2","t-E_n-E","E","E","linear",18,"4","Certain","Different slope"
"4c66ca1fb98eb8aca14b0d7a4d97ae38","57fb162526a84c2b1977b915c54044aa",1,"31-35","Male","Graduate Degree","Yes","Prolific","62f44019f444085dcfb169bca38bd750","1","t-M_n-M","M","M","linear",13,"3","Certain","Clustering, Different slope"
"4c66ca1fb98eb8aca14b0d7a4d97ae38","57fb162526a84c2b1977b915c54044aa",1,"31-35","Male","Graduate Degree","Yes","Prolific","62f44019f444085dcfb169bca38bd750","1","t-M_n-M","M","M","linear",13,"20","Certain","Clustering, Different slope"
"4c66ca1fb98eb8aca14b0d7a4d97ae38","57fb162526a84c2b1977b915c54044aa",1,"31-35","Male","Graduate Degree","Yes","Prolific","62f44019f444085dcfb169bca38bd750","1","t-M_n-M","M","M","linear",13,"8","Certain","Clustering, Different slope"
"4c66ca1fb98eb8aca14b0d7a4d97ae38","57fb162526a84c2b1977b915c54044aa",1,"31-35","Male","Graduate Degree","Yes","Prolific","62f44019f444085dcfb169bca38bd750","1","t-M_n-M","M","M","linear",13,"11","Certain","Clustering, Different slope"
"49eddd829cc025fc8506b967c11e036a","c5144873c849a55723ff087881dc129f",1,"19-25","Male","High School or Less","Yes","Prolific","542189b4235951184f3a0e93d2041d76","1","t-E_n-E","E","E","linear",20,"1","Neutral","Different range, Outlier(s)"
"2778e43655934ad3ed8a71a48a6af616","65316424bafcdab6ae724e333e9d8184",1,"19-25","Female","Graduate Degree","Yes","Prolific","682e0810a83a599ca26e514c3b7ed543","2","t-E_n-E","E","E","linear",18,"5","Certain","Different slope"
"a946a6787f67fc5c30ec1efd8c471d1e","a3939863fb345d19dfea0cef3f2cb4a5",1,"19-25","Female","Graduate Degree","No","Prolific","682e0810a83a599ca26e514c3b7ed543","2","t-E_n-E","E","E","linear",18,"11","Certain","Different shape"
"83cb1ab1c202c556ca14ccb0340a93d2","2b887d698ec63b1e871512c51e0c269e",1,"19-25","Female","High School or Less","Yes","Prolific","682e0810a83a599ca26e514c3b7ed543","2","t-E_n-E","E","E","linear",18,"11","Neutral","Clustering, Different range"
"b52f8b131f08d5473a41314c9e807601","865551c6f37ba49f04ad447c947003b0",1,"26-30","Female","Some Undergraduate Courses","Yes","Prolific","682e0810a83a599ca26e514c3b7ed543","2","t-E_n-E","E","E","log",18,"19","Very Uncertain","Different shape"
"a70e67b5d98dfe446fbcb35f7f17d4d6","e398d09fda62c8d02ceaa112e1b92b76",1,"19-25","Female","Some Undergraduate Courses","No","Prolific","682e0810a83a599ca26e514c3b7ed543","2","t-E_n-E","E","E","linear",18,"19","Neutral","Different slope"
"f1aee9ca88667b75ffb82b1cbef0e8dc","90626395c8c678ae200349a055d8b5cb",1,"26-30","Female","Undergraduate Degree","Yes","Prolific","542189b4235951184f3a0e93d2041d76","1","t-E_n-E","E","E","log",20,"20","Neutral","Different range"
"5c483bceac36463dc41f7de59934e36d","efea89833e95137111a07f2262c4b223",1,"19-25","Female","Graduate Degree","No","Prolific","682e0810a83a599ca26e514c3b7ed543","2","t-E_n-E","E","E","linear",18,"20","Very Uncertain","Outlier(s)"
"a92a54318ca601183feed4498b66b1e2","ce0c315f8753672915721dd18c397795",1,"31-35","Female","Graduate Degree","Yes","Prolific","2dfddc9b6373e3cebe2c5f7aa59ecb4e","2","t-M_n-M","M","M","linear",16,"5","Certain","Different slope"
"38d2e45fe2d278cfda4afcf9d0e13f59","79050a1e37f7b0e9ed1f69da523b1950",1,"19-25","Female","Graduate Degree","Yes","Prolific","682e0810a83a599ca26e514c3b7ed543","2","t-E_n-E","E","E","linear",18,"7","Certain","Different slope"
"3d27d635065d28c1efcffc8a7439f283","db4e9c850a8ab72800ff9f9ccffb50d5",2,"26-30","Male","Graduate Degree","Yes","Prolific","2dfddc9b6373e3cebe2c5f7aa59ecb4e","2","t-M_n-M","M","M","log",16,"7","Certain","Clustering"
"535bfa28ebd805339c64e69ed048c655","db4e9c850a8ab72800ff9f9ccffb50d5",2,"26-30","Male","Graduate Degree","Yes","Prolific","682e0810a83a599ca26e514c3b7ed543","2","t-E_n-E","E","E","log",18,"18","Uncertain","Clustering"
"0be166a4663e4182fc66d5bd560c91df","0772bb5fa01b06062a427a9317c5017f",1,"26-30","Male","Undergraduate Degree","Yes","Prolific","682e0810a83a599ca26e514c3b7ed543","2","t-E_n-E","E","E","linear",18,"19","Certain","Different range"
"4355e88bb13b1bcf45c147d9b60aa27d","1a0df80fbea89a0c08d93e3b44cf6762",1,"31-35","Female","Graduate Degree","Yes","Prolific","bd5bdb06d41d12211476de91c279571d","1","t-H_n-H","H","H","log",13,"1","Very Uncertain","Clustering"
"a783f36da1823ebf420b7a6d2ced9c48","1a0df80fbea89a0c08d93e3b44cf6762",1,"31-35","Female","Graduate Degree","Yes","Prolific","542189b4235951184f3a0e93d2041d76","1","t-E_n-E","E","E","linear",20,"1","Very Uncertain","Clustering"
"987ae53afa54597705553b07da6290b8","1a0df80fbea89a0c08d93e3b44cf6762",1,"31-35","Female","Graduate Degree","Yes","Prolific","2dfddc9b6373e3cebe2c5f7aa59ecb4e","2","t-M_n-M","M","M","log",16,"1","Very Uncertain","Clustering"
"4355e88bb13b1bcf45c147d9b60aa27d","1a0df80fbea89a0c08d93e3b44cf6762",1,"26-30","Female","Graduate Degree","Yes","Prolific","bd5bdb06d41d12211476de91c279571d","1","t-H_n-H","H","H","log",13,"1","Very Uncertain","Clustering"
"430645885a8c1d76b02b4c9ec6cd2c9b","c9f9823c41cb5f2cb138c19814fde6ef",1,"19-25","Female","Graduate Degree","Yes","Prolific","62f44019f444085dcfb169bca38bd750","1","t-M_n-M","M","M","linear",13,"12","Neutral","Different slope"
"4e956b67e71001f9f4e5fff2fa976be8","1a0df80fbea89a0c08d93e3b44cf6762",1,"31-35","Female","Graduate Degree","Yes","Prolific","682e0810a83a599ca26e514c3b7ed543","2","t-E_n-E","E","E","log",18,"1","Very Uncertain","Clustering"
"36faabb83cfc8f9782ad491cc70858c9","b0b75c20fd142db4932bc10e876b7c6d",1,"19-25","Female","Some Undergraduate Courses","Yes","Prolific","62f44019f444085dcfb169bca38bd750","1","t-M_n-M","M","M","linear",13,"4","Certain","Clustering, Outlier(s)"
"a11f091c6afacf76bede246757be6a2b","508ad111abbdda5d29eee9143f7e974d",1,"26-30","Male","Undergraduate Degree","Yes","Other","62f44019f444085dcfb169bca38bd750","1","t-M_n-M","M","M","log",13,"3","Uncertain","Clustering"
"3bd697b3a089f46d70380138ce37aedd","e248b140452e9c726334a43d3677c6ee",1,"19-25","Male","Undergraduate Degree","Yes","Prolific","542189b4235951184f3a0e93d2041d76","1","t-E_n-E","E","E","log",20,"9","Neutral","Clustering"
"3bd27470a32c75bbadb55926ff08f790","8e35a22fd611281c4699af31e58eca07",1,"46-50","Male","Some Undergraduate Courses","Yes","Other","682e0810a83a599ca26e514c3b7ed543","2","t-E_n-E","E","E","linear",18,"10","Neutral","Outlier(s)"
"078ace612eccb2ece82a46447bf3bbe0","235009eac0d445e939c3a9adede9ed01",1,"31-35","Male","Undergraduate Degree","No","Other","62f44019f444085dcfb169bca38bd750","1","t-M_n-M","M","M","log",13,"15","Neutral","Clustering"
"4acf2dcc783bb7c1f9d50478d2c36d06","39e72c8b314f87011b0c59c9a5855214",1,"26-30","Female","Undergraduate Degree","No","Other","62f44019f444085dcfb169bca38bd750","1","t-M_n-M","M","M","linear",13,"2","Very Uncertain","Clustering, Outlier(s)"
"4acf2dcc783bb7c1f9d50478d2c36d06","39e72c8b314f87011b0c59c9a5855214",1,"26-30","Female","Undergraduate Degree","No","Other","62f44019f444085dcfb169bca38bd750","1","t-M_n-M","M","M","linear",13,"4","Very Uncertain","Clustering, Outlier(s)"
"e4fd14207bb7f660a662b45124c3ff64","f45f70f4f2c3b82e6372151d9f8d9aae",1,"19-25","Male","Some Undergraduate Courses","No","Other","2dfddc9b6373e3cebe2c5f7aa59ecb4e","2","t-M_n-M","M","M","log",16,"7","Certain","Clustering"
"a12cf9a67dbc3614e966947328052d4c","5b58e040ee35f3bcc6023fb7836c842e",1,"26-30","Female","Graduate Degree","Yes","Direct Email","a74724d41c798fb43dd4a73336a93419","2","t-H_n-H","H","H","linear",1,"5","Neutral","Clustering, Different range, Outlier(s)"
"7c1e989e9f42ffa12e6fe9fe9678e04b","2bec0503fe0bf3726c757471ca398ec5",1,"Over 60","Female","Graduate Degree","No","Direct Email","a74724d41c798fb43dd4a73336a93419","2","t-H_n-H","H","H","linear",1,"16","Neutral","Clustering"
"0695037e4556846cc9b4f7126666f8a0","e1d99c41bc8a31e98f3864774c38ac15",1,"26-30","Female","Undergraduate Degree","No","Direct Email","62f44019f444085dcfb169bca38bd750","1","t-M_n-M","M","M","log",13,"12","Uncertain","Clustering"
"40600162ddbc8777987091cc2c3fc4d8","05cd76dc4cfc94c661576413527545e9",1,"41-45","Female","Some Graduate Courses","Yes","Other","542189b4235951184f3a0e93d2041d76","1","t-E_n-E","E","E","log",20,"17","Uncertain","Clustering"
